Record Length,2.500000e+03,,   0.122080000000,  -0.04000,
Sample Interval,4.000000e-05,,   0.122120000000,   0.00000,
Trigger Point,-3.052000000000e+03,,   0.122160000000,   0.04000,
,,,   0.122200000000,   0.04000,
,,,   0.122240000000,   0.08000,
,,,   0.122280000000,   0.12000,
Source,CH1,,   0.122320000000,   0.12000,
Vertical Units,V,,   0.122360000000,   0.16000,
Vertical Scale,1.000000e+00,,   0.122400000000,   0.20000,
Vertical Offset,0.000000e+00,,   0.122440000000,   0.24000,
Horizontal Units,s,,   0.122480000000,   0.28000,
Horizontal Scale,1.000000e-02,,   0.122520000000,   0.28000,
Pt Fmt,Y,,   0.122560000000,   0.32000,
Yzero,0.000000e+00,,   0.122600000000,   0.36000,
Probe Atten,1.000000e+00,,   0.122640000000,   0.40000,
Model Number,TDS2012B,,   0.122680000000,   0.40000,
Serial Number,C062012,,   0.122720000000,   0.44000,
Firmware Version,FV:v22.11,,   0.122760000000,   0.48000,
,,,0.122800000000,   0.52000,
,,,0.122840000000,   0.52000,
,,,0.122880000000,   0.56000,
,,,0.122920000000,   0.56000,
,,,0.122960000000,   0.60000,
,,,0.123000000000,   0.60000,
,,,0.123040000000,   0.68000,
,,,0.123080000000,   0.68000,
,,,0.123120000000,   0.72000,
,,,0.123160000000,   0.76000,
,,,0.123200000000,   0.80000,
,,,0.123240000000,   0.84000,
,,,0.123280000000,   0.84000,
,,,0.123320000000,   0.88000,
,,,0.123360000000,   0.92000,
,,,0.123400000000,   0.92000,
,,,0.123440000000,   0.96000,
,,,0.123480000000,   1.00000,
,,,0.123520000000,   1.04000,
,,,0.123560000000,   1.08000,
,,,0.123600000000,   1.08000,
,,,0.123640000000,   1.16000,
,,,0.123680000000,   1.20000,
,,,0.123720000000,   1.20000,
,,,0.123760000000,   1.20000,
,,,0.123800000000,   1.24000,
,,,0.123840000000,   1.24000,
,,,0.123880000000,   1.28000,
,,,0.123920000000,   1.28000,
,,,0.123960000000,   1.32000,
,,,0.124000000000,   1.36000,
,,,0.124040000000,   1.36000,
,,,0.124080000000,   1.40000,
,,,0.124120000000,   1.40000,
,,,0.124160000000,   1.40000,
,,,0.124200000000,   1.48000,
,,,0.124240000000,   1.48000,
,,,0.124280000000,   1.48000,
,,,0.124320000000,   1.56000,
,,,0.124360000000,   1.52000,
,,,0.124400000000,   1.56000,
,,,0.124440000000,   1.60000,
,,,0.124480000000,   1.60000,
,,,0.124520000000,   1.60000,
,,,0.124560000000,   1.64000,
,,,0.124600000000,   1.68000,
,,,0.124640000000,   1.68000,
,,,0.124680000000,   1.68000,
,,,0.124720000000,   1.72000,
,,,0.124760000000,   1.72000,
,,,0.124800000000,   1.72000,
,,,0.124840000000,   1.76000,
,,,0.124880000000,   1.76000,
,,,0.124920000000,   1.80000,
,,,0.124960000000,   1.80000,
,,,0.125000000000,   1.80000,
,,,0.125040000000,   1.80000,
,,,0.125080000000,   1.84000,
,,,0.125120000000,   1.84000,
,,,0.125160000000,   1.84000,
,,,0.125200000000,   1.84000,
,,,0.125240000000,   1.84000,
,,,0.125280000000,   1.84000,
,,,0.125320000000,   1.84000,
,,,0.125360000000,   1.84000,
,,,0.125400000000,   1.88000,
,,,0.125440000000,   1.88000,
,,,0.125480000000,   1.88000,
,,,0.125520000000,   1.88000,
,,,0.125560000000,   1.88000,
,,,0.125600000000,   1.88000,
,,,0.125640000000,   1.88000,
,,,0.125680000000,   1.88000,
,,,0.125720000000,   1.92000,
,,,0.125760000000,   1.92000,
,,,0.125800000000,   1.96000,
,,,0.125840000000,   1.96000,
,,,0.125880000000,   1.96000,
,,,0.125920000000,   1.96000,
,,,0.125960000000,   2.00000,
,,,0.126000000000,   2.00000,
,,,0.126040000000,   2.00000,
,,,0.126080000000,   2.00000,
,,,0.126120000000,   2.04000,
,,,0.126160000000,   2.00000,
,,,0.126200000000,   2.00000,
,,,0.126240000000,   2.00000,
,,,0.126280000000,   2.00000,
,,,0.126320000000,   2.00000,
,,,0.126360000000,   2.00000,
,,,0.126400000000,   2.00000,
,,,0.126440000000,   2.00000,
,,,0.126480000000,   2.00000,
,,,0.126520000000,   2.00000,
,,,0.126560000000,   1.96000,
,,,0.126600000000,   1.96000,
,,,0.126640000000,   2.00000,
,,,0.126680000000,   1.96000,
,,,0.126720000000,   1.96000,
,,,0.126760000000,   1.96000,
,,,0.126800000000,   1.92000,
,,,0.126840000000,   1.92000,
,,,0.126880000000,   1.92000,
,,,0.126920000000,   1.92000,
,,,0.126960000000,   1.92000,
,,,0.127000000000,   1.88000,
,,,0.127040000000,   1.92000,
,,,0.127080000000,   1.88000,
,,,0.127120000000,   1.88000,
,,,0.127160000000,   1.88000,
,,,0.127200000000,   1.88000,
,,,0.127240000000,   1.88000,
,,,0.127280000000,   1.88000,
,,,0.127320000000,   1.88000,
,,,0.127360000000,   1.88000,
,,,0.127400000000,   1.84000,
,,,0.127440000000,   1.84000,
,,,0.127480000000,   1.84000,
,,,0.127520000000,   1.84000,
,,,0.127560000000,   1.80000,
,,,0.127600000000,   1.80000,
,,,0.127640000000,   1.76000,
,,,0.127680000000,   1.72000,
,,,0.127720000000,   1.72000,
,,,0.127760000000,   1.68000,
,,,0.127800000000,   1.64000,
,,,0.127840000000,   1.64000,
,,,0.127880000000,   1.60000,
,,,0.127920000000,   1.60000,
,,,0.127960000000,   1.56000,
,,,0.128000000000,   1.52000,
,,,0.128040000000,   1.52000,
,,,0.128080000000,   1.48000,
,,,0.128120000000,   1.44000,
,,,0.128160000000,   1.44000,
,,,0.128200000000,   1.44000,
,,,0.128240000000,   1.40000,
,,,0.128280000000,   1.36000,
,,,0.128320000000,   1.32000,
,,,0.128360000000,   1.36000,
,,,0.128400000000,   1.32000,
,,,0.128440000000,   1.24000,
,,,0.128480000000,   1.28000,
,,,0.128520000000,   1.24000,
,,,0.128560000000,   1.20000,
,,,0.128600000000,   1.16000,
,,,0.128640000000,   1.12000,
,,,0.128680000000,   1.12000,
,,,0.128720000000,   1.08000,
,,,0.128760000000,   1.04000,
,,,0.128800000000,   1.04000,
,,,0.128840000000,   1.00000,
,,,0.128880000000,   0.96000,
,,,0.128920000000,   0.92000,
,,,0.128960000000,   0.88000,
,,,0.129000000000,   0.88000,
,,,0.129040000000,   0.88000,
,,,0.129080000000,   0.84000,
,,,0.129120000000,   0.80000,
,,,0.129160000000,   0.76000,
,,,0.129200000000,   0.72000,
,,,0.129240000000,   0.68000,
,,,0.129280000000,   0.68000,
,,,0.129320000000,   0.64000,
,,,0.129360000000,   0.60000,
,,,0.129400000000,   0.56000,
,,,0.129440000000,   0.56000,
,,,0.129480000000,   0.52000,
,,,0.129520000000,   0.52000,
,,,0.129560000000,   0.48000,
,,,0.129600000000,   0.44000,
,,,0.129640000000,   0.44000,
,,,0.129680000000,   0.40000,
,,,0.129720000000,   0.40000,
,,,0.129760000000,   0.36000,
,,,0.129800000000,   0.32000,
,,,0.129840000000,   0.32000,
,,,0.129880000000,   0.28000,
,,,0.129920000000,   0.28000,
,,,0.129960000000,   0.24000,
,,,0.130000000000,   0.20000,
,,,0.130040000000,   0.16000,
,,,0.130080000000,   0.16000,
,,,0.130120000000,   0.12000,
,,,0.130160000000,   0.12000,
,,,0.130200000000,   0.08000,
,,,0.130240000000,   0.04000,
,,,0.130280000000,   0.00000,
,,,0.130320000000,  -0.04000,
,,,0.130360000000,  -0.04000,
,,,0.130400000000,  -0.08000,
,,,0.130440000000,  -0.08000,
,,,0.130480000000,  -0.08000,
,,,0.130520000000,  -0.16000,
,,,0.130560000000,  -0.20000,
,,,0.130600000000,  -0.20000,
,,,0.130640000000,  -0.20000,
,,,0.130680000000,  -0.28000,
,,,0.130720000000,  -0.28000,
,,,0.130760000000,  -0.36000,
,,,0.130800000000,  -0.36000,
,,,0.130840000000,  -0.40000,
,,,0.130880000000,  -0.44000,
,,,0.130920000000,  -0.44000,
,,,0.130960000000,  -0.48000,
,,,0.131000000000,  -0.52000,
,,,0.131040000000,  -0.52000,
,,,0.131080000000,  -0.52000,
,,,0.131120000000,  -0.60000,
,,,0.131160000000,  -0.64000,
,,,0.131200000000,  -0.64000,
,,,0.131240000000,  -0.64000,
,,,0.131280000000,  -0.72000,
,,,0.131320000000,  -0.72000,
,,,0.131360000000,  -0.80000,
,,,0.131400000000,  -0.80000,
,,,0.131440000000,  -0.80000,
,,,0.131480000000,  -0.88000,
,,,0.131520000000,  -0.92000,
,,,0.131560000000,  -0.88000,
,,,0.131600000000,  -0.96000,
,,,0.131640000000,  -0.96000,
,,,0.131680000000,  -1.04000,
,,,0.131720000000,  -1.08000,
,,,0.131760000000,  -1.08000,
,,,0.131800000000,  -1.12000,
,,,0.131840000000,  -1.12000,
,,,0.131880000000,  -1.16000,
,,,0.131920000000,  -1.20000,
,,,0.131960000000,  -1.20000,
,,,0.132000000000,  -1.24000,
,,,0.132040000000,  -1.28000,
,,,0.132080000000,  -1.28000,
,,,0.132120000000,  -1.32000,
,,,0.132160000000,  -1.32000,
,,,0.132200000000,  -1.36000,
,,,0.132240000000,  -1.40000,
,,,0.132280000000,  -1.40000,
,,,0.132320000000,  -1.44000,
,,,0.132360000000,  -1.44000,
,,,0.132400000000,  -1.44000,
,,,0.132440000000,  -1.48000,
,,,0.132480000000,  -1.48000,
,,,0.132520000000,  -1.52000,
,,,0.132560000000,  -1.52000,
,,,0.132600000000,  -1.56000,
,,,0.132640000000,  -1.56000,
,,,0.132680000000,  -1.60000,
,,,0.132720000000,  -1.60000,
,,,0.132760000000,  -1.64000,
,,,0.132800000000,  -1.64000,
,,,0.132840000000,  -1.64000,
,,,0.132880000000,  -1.68000,
,,,0.132920000000,  -1.72000,
,,,0.132960000000,  -1.72000,
,,,0.133000000000,  -1.72000,
,,,0.133040000000,  -1.76000,
,,,0.133080000000,  -1.76000,
,,,0.133120000000,  -1.76000,
,,,0.133160000000,  -1.76000,
,,,0.133200000000,  -1.80000,
,,,0.133240000000,  -1.80000,
,,,0.133280000000,  -1.80000,
,,,0.133320000000,  -1.80000,
,,,0.133360000000,  -1.84000,
,,,0.133400000000,  -1.84000,
,,,0.133440000000,  -1.84000,
,,,0.133480000000,  -1.84000,
,,,0.133520000000,  -1.84000,
,,,0.133560000000,  -1.84000,
,,,0.133600000000,  -1.84000,
,,,0.133640000000,  -1.84000,
,,,0.133680000000,  -1.84000,
,,,0.133720000000,  -1.84000,
,,,0.133760000000,  -1.88000,
,,,0.133800000000,  -1.88000,
,,,0.133840000000,  -1.92000,
,,,0.133880000000,  -1.88000,
,,,0.133920000000,  -1.92000,
,,,0.133960000000,  -1.92000,
,,,0.134000000000,  -1.92000,
,,,0.134040000000,  -1.96000,
,,,0.134080000000,  -1.92000,
,,,0.134120000000,  -1.92000,
,,,0.134160000000,  -1.96000,
,,,0.134200000000,  -1.96000,
,,,0.134240000000,  -2.00000,
,,,0.134280000000,  -1.96000,
,,,0.134320000000,  -2.00000,
,,,0.134360000000,  -2.00000,
,,,0.134400000000,  -2.00000,
,,,0.134440000000,  -2.00000,
,,,0.134480000000,  -2.00000,
,,,0.134520000000,  -1.96000,
,,,0.134560000000,  -2.00000,
,,,0.134600000000,  -1.96000,
,,,0.134640000000,  -1.96000,
,,,0.134680000000,  -1.96000,
,,,0.134720000000,  -2.00000,
,,,0.134760000000,  -1.92000,
,,,0.134800000000,  -1.96000,
,,,0.134840000000,  -1.92000,
,,,0.134880000000,  -1.96000,
,,,0.134920000000,  -1.92000,
,,,0.134960000000,  -1.92000,
,,,0.135000000000,  -1.96000,
,,,0.135040000000,  -1.92000,
,,,0.135080000000,  -1.92000,
,,,0.135120000000,  -1.88000,
,,,0.135160000000,  -1.92000,
,,,0.135200000000,  -1.92000,
,,,0.135240000000,  -1.88000,
,,,0.135280000000,  -1.88000,
,,,0.135320000000,  -1.88000,
,,,0.135360000000,  -1.88000,
,,,0.135400000000,  -1.88000,
,,,0.135440000000,  -1.88000,
,,,0.135480000000,  -1.84000,
,,,0.135520000000,  -1.84000,
,,,0.135560000000,  -1.84000,
,,,0.135600000000,  -1.80000,
,,,0.135640000000,  -1.80000,
,,,0.135680000000,  -1.76000,
,,,0.135720000000,  -1.80000,
,,,0.135760000000,  -1.76000,
,,,0.135800000000,  -1.72000,
,,,0.135840000000,  -1.72000,
,,,0.135880000000,  -1.68000,
,,,0.135920000000,  -1.68000,
,,,0.135960000000,  -1.64000,
,,,0.136000000000,  -1.60000,
,,,0.136040000000,  -1.60000,
,,,0.136080000000,  -1.56000,
,,,0.136120000000,  -1.56000,
,,,0.136160000000,  -1.52000,
,,,0.136200000000,  -1.48000,
,,,0.136240000000,  -1.44000,
,,,0.136280000000,  -1.44000,
,,,0.136320000000,  -1.40000,
,,,0.136360000000,  -1.40000,
,,,0.136400000000,  -1.40000,
,,,0.136440000000,  -1.32000,
,,,0.136480000000,  -1.28000,
,,,0.136520000000,  -1.28000,
,,,0.136560000000,  -1.28000,
,,,0.136600000000,  -1.24000,
,,,0.136640000000,  -1.24000,
,,,0.136680000000,  -1.20000,
,,,0.136720000000,  -1.20000,
,,,0.136760000000,  -1.16000,
,,,0.136800000000,  -1.12000,
,,,0.136840000000,  -1.12000,
,,,0.136880000000,  -1.12000,
,,,0.136920000000,  -1.08000,
,,,0.136960000000,  -1.04000,
,,,0.137000000000,  -1.00000,
,,,0.137040000000,  -0.96000,
,,,0.137080000000,  -0.92000,
,,,0.137120000000,  -0.88000,
,,,0.137160000000,  -0.88000,
,,,0.137200000000,  -0.84000,
,,,0.137240000000,  -0.80000,
,,,0.137280000000,  -0.76000,
,,,0.137320000000,  -0.76000,
,,,0.137360000000,  -0.72000,
,,,0.137400000000,  -0.68000,
,,,0.137440000000,  -0.64000,
,,,0.137480000000,  -0.60000,
,,,0.137520000000,  -0.60000,
,,,0.137560000000,  -0.56000,
,,,0.137600000000,  -0.52000,
,,,0.137640000000,  -0.52000,
,,,0.137680000000,  -0.48000,
,,,0.137720000000,  -0.48000,
,,,0.137760000000,  -0.44000,
,,,0.137800000000,  -0.40000,
,,,0.137840000000,  -0.36000,
,,,0.137880000000,  -0.36000,
,,,0.137920000000,  -0.36000,
,,,0.137960000000,  -0.32000,
,,,0.138000000000,  -0.28000,
,,,0.138040000000,  -0.28000,
,,,0.138080000000,  -0.24000,
,,,0.138120000000,  -0.20000,
,,,0.138160000000,  -0.20000,
,,,0.138200000000,  -0.16000,
,,,0.138240000000,  -0.16000,
,,,0.138280000000,  -0.12000,
,,,0.138320000000,  -0.12000,
,,,0.138360000000,  -0.04000,
,,,0.138400000000,  -0.04000,
,,,0.138440000000,   0.00000,
,,,0.138480000000,   0.00000,
,,,0.138520000000,   0.04000,
,,,0.138560000000,   0.08000,
,,,0.138600000000,   0.12000,
,,,0.138640000000,   0.16000,
,,,0.138680000000,   0.16000,
,,,0.138720000000,   0.20000,
,,,0.138760000000,   0.24000,
,,,0.138800000000,   0.28000,
,,,0.138840000000,   0.28000,
,,,0.138880000000,   0.32000,
,,,0.138920000000,   0.36000,
,,,0.138960000000,   0.40000,
,,,0.139000000000,   0.40000,
,,,0.139040000000,   0.44000,
,,,0.139080000000,   0.44000,
,,,0.139120000000,   0.48000,
,,,0.139160000000,   0.52000,
,,,0.139200000000,   0.52000,
,,,0.139240000000,   0.56000,
,,,0.139280000000,   0.60000,
,,,0.139320000000,   0.64000,
,,,0.139360000000,   0.64000,
,,,0.139400000000,   0.68000,
,,,0.139440000000,   0.72000,
,,,0.139480000000,   0.76000,
,,,0.139520000000,   0.80000,
,,,0.139560000000,   0.80000,
,,,0.139600000000,   0.88000,
,,,0.139640000000,   0.88000,
,,,0.139680000000,   0.92000,
,,,0.139720000000,   0.96000,
,,,0.139760000000,   0.96000,
,,,0.139800000000,   1.00000,
,,,0.139840000000,   1.08000,
,,,0.139880000000,   1.08000,
,,,0.139920000000,   1.08000,
,,,0.139960000000,   1.16000,
,,,0.140000000000,   1.16000,
,,,0.140040000000,   1.24000,
,,,0.140080000000,   1.24000,
,,,0.140120000000,   1.24000,
,,,0.140160000000,   1.28000,
,,,0.140200000000,   1.32000,
,,,0.140240000000,   1.32000,
,,,0.140280000000,   1.36000,
,,,0.140320000000,   1.36000,
,,,0.140360000000,   1.40000,
,,,0.140400000000,   1.40000,
,,,0.140440000000,   1.44000,
,,,0.140480000000,   1.44000,
,,,0.140520000000,   1.48000,
,,,0.140560000000,   1.48000,
,,,0.140600000000,   1.52000,
,,,0.140640000000,   1.56000,
,,,0.140680000000,   1.56000,
,,,0.140720000000,   1.56000,
,,,0.140760000000,   1.60000,
,,,0.140800000000,   1.60000,
,,,0.140840000000,   1.64000,
,,,0.140880000000,   1.64000,
,,,0.140920000000,   1.68000,
,,,0.140960000000,   1.68000,
,,,0.141000000000,   1.72000,
,,,0.141040000000,   1.72000,
,,,0.141080000000,   1.72000,
,,,0.141120000000,   1.76000,
,,,0.141160000000,   1.76000,
,,,0.141200000000,   1.76000,
,,,0.141240000000,   1.76000,
,,,0.141280000000,   1.80000,
,,,0.141320000000,   1.80000,
,,,0.141360000000,   1.80000,
,,,0.141400000000,   1.84000,
,,,0.141440000000,   1.84000,
,,,0.141480000000,   1.84000,
,,,0.141520000000,   1.84000,
,,,0.141560000000,   1.84000,
,,,0.141600000000,   1.88000,
,,,0.141640000000,   1.88000,
,,,0.141680000000,   1.88000,
,,,0.141720000000,   1.88000,
,,,0.141760000000,   1.88000,
,,,0.141800000000,   1.88000,
,,,0.141840000000,   1.88000,
,,,0.141880000000,   1.88000,
,,,0.141920000000,   1.88000,
,,,0.141960000000,   1.88000,
,,,0.142000000000,   1.92000,
,,,0.142040000000,   1.92000,
,,,0.142080000000,   1.92000,
,,,0.142120000000,   1.92000,
,,,0.142160000000,   1.96000,
,,,0.142200000000,   1.96000,
,,,0.142240000000,   1.96000,
,,,0.142280000000,   2.00000,
,,,0.142320000000,   1.96000,
,,,0.142360000000,   2.00000,
,,,0.142400000000,   2.00000,
,,,0.142440000000,   2.00000,
,,,0.142480000000,   2.00000,
,,,0.142520000000,   2.00000,
,,,0.142560000000,   2.00000,
,,,0.142600000000,   2.00000,
,,,0.142640000000,   2.00000,
,,,0.142680000000,   2.00000,
,,,0.142720000000,   2.00000,
,,,0.142760000000,   2.00000,
,,,0.142800000000,   2.00000,
,,,0.142840000000,   2.00000,
,,,0.142880000000,   1.96000,
,,,0.142920000000,   1.96000,
,,,0.142960000000,   1.96000,
,,,0.143000000000,   1.96000,
,,,0.143040000000,   1.96000,
,,,0.143080000000,   1.96000,
,,,0.143120000000,   1.96000,
,,,0.143160000000,   1.96000,
,,,0.143200000000,   1.96000,
,,,0.143240000000,   1.92000,
,,,0.143280000000,   1.92000,
,,,0.143320000000,   1.92000,
,,,0.143360000000,   1.88000,
,,,0.143400000000,   1.92000,
,,,0.143440000000,   1.92000,
,,,0.143480000000,   1.88000,
,,,0.143520000000,   1.88000,
,,,0.143560000000,   1.88000,
,,,0.143600000000,   1.88000,
,,,0.143640000000,   1.88000,
,,,0.143680000000,   1.88000,
,,,0.143720000000,   1.84000,
,,,0.143760000000,   1.84000,
,,,0.143800000000,   1.84000,
,,,0.143840000000,   1.84000,
,,,0.143880000000,   1.80000,
,,,0.143920000000,   1.80000,
,,,0.143960000000,   1.76000,
,,,0.144000000000,   1.72000,
,,,0.144040000000,   1.72000,
,,,0.144080000000,   1.72000,
,,,0.144120000000,   1.64000,
,,,0.144160000000,   1.64000,
,,,0.144200000000,   1.60000,
,,,0.144240000000,   1.56000,
,,,0.144280000000,   1.60000,
,,,0.144320000000,   1.52000,
,,,0.144360000000,   1.48000,
,,,0.144400000000,   1.48000,
,,,0.144440000000,   1.44000,
,,,0.144480000000,   1.44000,
,,,0.144520000000,   1.44000,
,,,0.144560000000,   1.40000,
,,,0.144600000000,   1.36000,
,,,0.144640000000,   1.36000,
,,,0.144680000000,   1.32000,
,,,0.144720000000,   1.32000,
,,,0.144760000000,   1.28000,
,,,0.144800000000,   1.24000,
,,,0.144840000000,   1.24000,
,,,0.144880000000,   1.20000,
,,,0.144920000000,   1.20000,
,,,0.144960000000,   1.16000,
,,,0.145000000000,   1.12000,
,,,0.145040000000,   1.08000,
,,,0.145080000000,   1.08000,
,,,0.145120000000,   1.04000,
,,,0.145160000000,   1.00000,
,,,0.145200000000,   0.96000,
,,,0.145240000000,   0.92000,
,,,0.145280000000,   0.92000,
,,,0.145320000000,   0.88000,
,,,0.145360000000,   0.84000,
,,,0.145400000000,   0.88000,
,,,0.145440000000,   0.80000,
,,,0.145480000000,   0.72000,
,,,0.145520000000,   0.72000,
,,,0.145560000000,   0.68000,
,,,0.145600000000,   0.68000,
,,,0.145640000000,   0.64000,
,,,0.145680000000,   0.60000,
,,,0.145720000000,   0.56000,
,,,0.145760000000,   0.56000,
,,,0.145800000000,   0.52000,
,,,0.145840000000,   0.52000,
,,,0.145880000000,   0.48000,
,,,0.145920000000,   0.48000,
,,,0.145960000000,   0.44000,
,,,0.146000000000,   0.44000,
,,,0.146040000000,   0.40000,
,,,0.146080000000,   0.36000,
,,,0.146120000000,   0.36000,
,,,0.146160000000,   0.32000,
,,,0.146200000000,   0.28000,
,,,0.146240000000,   0.28000,
,,,0.146280000000,   0.24000,
,,,0.146320000000,   0.20000,
,,,0.146360000000,   0.16000,
,,,0.146400000000,   0.16000,
,,,0.146440000000,   0.16000,
,,,0.146480000000,   0.12000,
,,,0.146520000000,   0.08000,
,,,0.146560000000,   0.08000,
,,,0.146600000000,   0.04000,
,,,0.146640000000,   0.04000,
,,,0.146680000000,   0.00000,
,,,0.146720000000,  -0.04000,
,,,0.146760000000,  -0.08000,
,,,0.146800000000,  -0.12000,
,,,0.146840000000,  -0.16000,
,,,0.146880000000,  -0.16000,
,,,0.146920000000,  -0.20000,
,,,0.146960000000,  -0.24000,
,,,0.147000000000,  -0.28000,
,,,0.147040000000,  -0.28000,
,,,0.147080000000,  -0.32000,
,,,0.147120000000,  -0.36000,
,,,0.147160000000,  -0.40000,
,,,0.147200000000,  -0.40000,
,,,0.147240000000,  -0.40000,
,,,0.147280000000,  -0.44000,
,,,0.147320000000,  -0.48000,
,,,0.147360000000,  -0.52000,
,,,0.147400000000,  -0.52000,
,,,0.147440000000,  -0.56000,
,,,0.147480000000,  -0.64000,
,,,0.147520000000,  -0.64000,
,,,0.147560000000,  -0.64000,
,,,0.147600000000,  -0.68000,
,,,0.147640000000,  -0.72000,
,,,0.147680000000,  -0.76000,
,,,0.147720000000,  -0.80000,
,,,0.147760000000,  -0.80000,
,,,0.147800000000,  -0.88000,
,,,0.147840000000,  -0.88000,
,,,0.147880000000,  -0.92000,
,,,0.147920000000,  -0.96000,
,,,0.147960000000,  -0.96000,
,,,0.148000000000,  -1.04000,
,,,0.148040000000,  -1.04000,
,,,0.148080000000,  -1.08000,
,,,0.148120000000,  -1.12000,
,,,0.148160000000,  -1.12000,
,,,0.148200000000,  -1.16000,
,,,0.148240000000,  -1.20000,
,,,0.148280000000,  -1.24000,
,,,0.148320000000,  -1.24000,
,,,0.148360000000,  -1.24000,
,,,0.148400000000,  -1.28000,
,,,0.148440000000,  -1.28000,
,,,0.148480000000,  -1.32000,
,,,0.148520000000,  -1.36000,
,,,0.148560000000,  -1.36000,
,,,0.148600000000,  -1.36000,
,,,0.148640000000,  -1.44000,
,,,0.148680000000,  -1.44000,
,,,0.148720000000,  -1.44000,
,,,0.148760000000,  -1.44000,
,,,0.148800000000,  -1.48000,
,,,0.148840000000,  -1.52000,
,,,0.148880000000,  -1.56000,
,,,0.148920000000,  -1.56000,
,,,0.148960000000,  -1.60000,
,,,0.149000000000,  -1.60000,
,,,0.149040000000,  -1.60000,
,,,0.149080000000,  -1.64000,
,,,0.149120000000,  -1.68000,
,,,0.149160000000,  -1.68000,
,,,0.149200000000,  -1.68000,
,,,0.149240000000,  -1.72000,
,,,0.149280000000,  -1.72000,
,,,0.149320000000,  -1.72000,
,,,0.149360000000,  -1.72000,
,,,0.149400000000,  -1.76000,
,,,0.149440000000,  -1.80000,
,,,0.149480000000,  -1.76000,
,,,0.149520000000,  -1.80000,
,,,0.149560000000,  -1.80000,
,,,0.149600000000,  -1.80000,
,,,0.149640000000,  -1.84000,
,,,0.149680000000,  -1.80000,
,,,0.149720000000,  -1.80000,
,,,0.149760000000,  -1.84000,
,,,0.149800000000,  -1.80000,
,,,0.149840000000,  -1.84000,
,,,0.149880000000,  -1.84000,
,,,0.149920000000,  -1.84000,
,,,0.149960000000,  -1.84000,
,,,0.150000000000,  -1.84000,
,,,0.150040000000,  -1.88000,
,,,0.150080000000,  -1.88000,
,,,0.150120000000,  -1.88000,
,,,0.150160000000,  -1.88000,
,,,0.150200000000,  -1.88000,
,,,0.150240000000,  -1.92000,
,,,0.150280000000,  -1.92000,
,,,0.150320000000,  -1.92000,
,,,0.150360000000,  -1.92000,
,,,0.150400000000,  -1.96000,
,,,0.150440000000,  -1.92000,
,,,0.150480000000,  -1.96000,
,,,0.150520000000,  -1.96000,
,,,0.150560000000,  -2.00000,
,,,0.150600000000,  -1.96000,
,,,0.150640000000,  -2.00000,
,,,0.150680000000,  -1.96000,
,,,0.150720000000,  -2.00000,
,,,0.150760000000,  -1.96000,
,,,0.150800000000,  -1.96000,
,,,0.150840000000,  -2.00000,
,,,0.150880000000,  -1.96000,
,,,0.150920000000,  -1.96000,
,,,0.150960000000,  -1.96000,
,,,0.151000000000,  -2.00000,
,,,0.151040000000,  -1.96000,
,,,0.151080000000,  -1.96000,
,,,0.151120000000,  -1.96000,
,,,0.151160000000,  -1.96000,
,,,0.151200000000,  -1.92000,
,,,0.151240000000,  -1.92000,
,,,0.151280000000,  -1.92000,
,,,0.151320000000,  -1.92000,
,,,0.151360000000,  -1.92000,
,,,0.151400000000,  -1.92000,
,,,0.151440000000,  -1.92000,
,,,0.151480000000,  -1.92000,
,,,0.151520000000,  -1.92000,
,,,0.151560000000,  -1.92000,
,,,0.151600000000,  -1.88000,
,,,0.151640000000,  -1.88000,
,,,0.151680000000,  -1.88000,
,,,0.151720000000,  -1.88000,
,,,0.151760000000,  -1.88000,
,,,0.151800000000,  -1.88000,
,,,0.151840000000,  -1.84000,
,,,0.151880000000,  -1.84000,
,,,0.151920000000,  -1.84000,
,,,0.151960000000,  -1.84000,
,,,0.152000000000,  -1.80000,
,,,0.152040000000,  -1.76000,
,,,0.152080000000,  -1.76000,
,,,0.152120000000,  -1.76000,
,,,0.152160000000,  -1.72000,
,,,0.152200000000,  -1.68000,
,,,0.152240000000,  -1.68000,
,,,0.152280000000,  -1.64000,
,,,0.152320000000,  -1.60000,
,,,0.152360000000,  -1.60000,
,,,0.152400000000,  -1.60000,
,,,0.152440000000,  -1.56000,
,,,0.152480000000,  -1.52000,
,,,0.152520000000,  -1.52000,
,,,0.152560000000,  -1.48000,
,,,0.152600000000,  -1.44000,
,,,0.152640000000,  -1.44000,
,,,0.152680000000,  -1.40000,
,,,0.152720000000,  -1.32000,
,,,0.152760000000,  -1.36000,
,,,0.152800000000,  -1.32000,
,,,0.152840000000,  -1.32000,
,,,0.152880000000,  -1.28000,
,,,0.152920000000,  -1.24000,
,,,0.152960000000,  -1.24000,
,,,0.153000000000,  -1.24000,
,,,0.153040000000,  -1.20000,
,,,0.153080000000,  -1.16000,
,,,0.153120000000,  -1.12000,
,,,0.153160000000,  -1.12000,
,,,0.153200000000,  -1.08000,
,,,0.153240000000,  -1.04000,
,,,0.153280000000,  -1.04000,
,,,0.153320000000,  -1.00000,
,,,0.153360000000,  -1.00000,
,,,0.153400000000,  -0.96000,
,,,0.153440000000,  -0.92000,
,,,0.153480000000,  -0.88000,
,,,0.153520000000,  -0.84000,
,,,0.153560000000,  -0.80000,
,,,0.153600000000,  -0.76000,
,,,0.153640000000,  -0.76000,
,,,0.153680000000,  -0.72000,
,,,0.153720000000,  -0.68000,
,,,0.153760000000,  -0.64000,
,,,0.153800000000,  -0.60000,
,,,0.153840000000,  -0.60000,
,,,0.153880000000,  -0.56000,
,,,0.153920000000,  -0.52000,
,,,0.153960000000,  -0.52000,
,,,0.154000000000,  -0.52000,
,,,0.154040000000,  -0.48000,
,,,0.154080000000,  -0.44000,
,,,0.154120000000,  -0.40000,
,,,0.154160000000,  -0.40000,
,,,0.154200000000,  -0.36000,
,,,0.154240000000,  -0.36000,
,,,0.154280000000,  -0.32000,
,,,0.154320000000,  -0.28000,
,,,0.154360000000,  -0.24000,
,,,0.154400000000,  -0.24000,
,,,0.154440000000,  -0.24000,
,,,0.154480000000,  -0.20000,
,,,0.154520000000,  -0.20000,
,,,0.154560000000,  -0.12000,
,,,0.154600000000,  -0.12000,
,,,0.154640000000,  -0.08000,
,,,0.154680000000,  -0.04000,
,,,0.154720000000,  -0.04000,
,,,0.154760000000,   0.00000,
,,,0.154800000000,   0.00000,
,,,0.154840000000,   0.04000,
,,,0.154880000000,   0.08000,
,,,0.154920000000,   0.12000,
,,,0.154960000000,   0.16000,
,,,0.155000000000,   0.16000,
,,,0.155040000000,   0.20000,
,,,0.155080000000,   0.24000,
,,,0.155120000000,   0.24000,
,,,0.155160000000,   0.28000,
,,,0.155200000000,   0.28000,
,,,0.155240000000,   0.36000,
,,,0.155280000000,   0.40000,
,,,0.155320000000,   0.40000,
,,,0.155360000000,   0.44000,
,,,0.155400000000,   0.48000,
,,,0.155440000000,   0.48000,
,,,0.155480000000,   0.52000,
,,,0.155520000000,   0.56000,
,,,0.155560000000,   0.56000,
,,,0.155600000000,   0.60000,
,,,0.155640000000,   0.60000,
,,,0.155680000000,   0.64000,
,,,0.155720000000,   0.68000,
,,,0.155760000000,   0.72000,
,,,0.155800000000,   0.76000,
,,,0.155840000000,   0.76000,
,,,0.155880000000,   0.80000,
,,,0.155920000000,   0.84000,
,,,0.155960000000,   0.88000,
,,,0.156000000000,   0.92000,
,,,0.156040000000,   0.96000,
,,,0.156080000000,   0.96000,
,,,0.156120000000,   1.00000,
,,,0.156160000000,   1.04000,
,,,0.156200000000,   1.08000,
,,,0.156240000000,   1.12000,
,,,0.156280000000,   1.16000,
,,,0.156320000000,   1.16000,
,,,0.156360000000,   1.20000,
,,,0.156400000000,   1.20000,
,,,0.156440000000,   1.24000,
,,,0.156480000000,   1.28000,
,,,0.156520000000,   1.32000,
,,,0.156560000000,   1.32000,
,,,0.156600000000,   1.36000,
,,,0.156640000000,   1.36000,
,,,0.156680000000,   1.40000,
,,,0.156720000000,   1.40000,
,,,0.156760000000,   1.40000,
,,,0.156800000000,   1.44000,
,,,0.156840000000,   1.44000,
,,,0.156880000000,   1.48000,
,,,0.156920000000,   1.48000,
,,,0.156960000000,   1.48000,
,,,0.157000000000,   1.52000,
,,,0.157040000000,   1.56000,
,,,0.157080000000,   1.56000,
,,,0.157120000000,   1.60000,
,,,0.157160000000,   1.60000,
,,,0.157200000000,   1.64000,
,,,0.157240000000,   1.64000,
,,,0.157280000000,   1.68000,
,,,0.157320000000,   1.68000,
,,,0.157360000000,   1.68000,
,,,0.157400000000,   1.72000,
,,,0.157440000000,   1.72000,
,,,0.157480000000,   1.72000,
,,,0.157520000000,   1.76000,
,,,0.157560000000,   1.76000,
,,,0.157600000000,   1.76000,
,,,0.157640000000,   1.80000,
,,,0.157680000000,   1.80000,
,,,0.157720000000,   1.80000,
,,,0.157760000000,   1.80000,
,,,0.157800000000,   1.84000,
,,,0.157840000000,   1.84000,
,,,0.157880000000,   1.88000,
,,,0.157920000000,   1.84000,
,,,0.157960000000,   1.84000,
,,,0.158000000000,   1.84000,
,,,0.158040000000,   1.88000,
,,,0.158080000000,   1.88000,
,,,0.158120000000,   1.88000,
,,,0.158160000000,   1.88000,
,,,0.158200000000,   1.88000,
,,,0.158240000000,   1.88000,
,,,0.158280000000,   1.88000,
,,,0.158320000000,   1.88000,
,,,0.158360000000,   1.92000,
,,,0.158400000000,   1.92000,
,,,0.158440000000,   1.92000,
,,,0.158480000000,   1.92000,
,,,0.158520000000,   1.96000,
,,,0.158560000000,   1.96000,
,,,0.158600000000,   1.96000,
,,,0.158640000000,   1.96000,
,,,0.158680000000,   1.96000,
,,,0.158720000000,   2.00000,
,,,0.158760000000,   2.00000,
,,,0.158800000000,   2.00000,
,,,0.158840000000,   2.00000,
,,,0.158880000000,   2.00000,
,,,0.158920000000,   2.00000,
,,,0.158960000000,   2.00000,
,,,0.159000000000,   2.00000,
,,,0.159040000000,   2.00000,
,,,0.159080000000,   2.00000,
,,,0.159120000000,   2.00000,
,,,0.159160000000,   1.96000,
,,,0.159200000000,   1.96000,
,,,0.159240000000,   1.96000,
,,,0.159280000000,   1.96000,
,,,0.159320000000,   1.92000,
,,,0.159360000000,   1.96000,
,,,0.159400000000,   1.92000,
,,,0.159440000000,   1.92000,
,,,0.159480000000,   1.92000,
,,,0.159520000000,   1.92000,
,,,0.159560000000,   1.92000,
,,,0.159600000000,   1.88000,
,,,0.159640000000,   1.88000,
,,,0.159680000000,   1.92000,
,,,0.159720000000,   1.88000,
,,,0.159760000000,   1.88000,
,,,0.159800000000,   1.88000,
,,,0.159840000000,   1.88000,
,,,0.159880000000,   1.88000,
,,,0.159920000000,   1.88000,
,,,0.159960000000,   1.88000,
,,,0.160000000000,   1.88000,
,,,0.160040000000,   1.84000,
,,,0.160080000000,   1.84000,
,,,0.160120000000,   1.84000,
,,,0.160160000000,   1.80000,
,,,0.160200000000,   1.80000,
,,,0.160240000000,   1.76000,
,,,0.160280000000,   1.76000,
,,,0.160320000000,   1.76000,
,,,0.160360000000,   1.72000,
,,,0.160400000000,   1.72000,
,,,0.160440000000,   1.64000,
,,,0.160480000000,   1.64000,
,,,0.160520000000,   1.64000,
,,,0.160560000000,   1.60000,
,,,0.160600000000,   1.56000,
,,,0.160640000000,   1.56000,
,,,0.160680000000,   1.52000,
,,,0.160720000000,   1.52000,
,,,0.160760000000,   1.48000,
,,,0.160800000000,   1.44000,
,,,0.160840000000,   1.44000,
,,,0.160880000000,   1.40000,
,,,0.160920000000,   1.40000,
,,,0.160960000000,   1.36000,
,,,0.161000000000,   1.32000,
,,,0.161040000000,   1.28000,
,,,0.161080000000,   1.28000,
,,,0.161120000000,   1.28000,
,,,0.161160000000,   1.24000,
,,,0.161200000000,   1.24000,
,,,0.161240000000,   1.20000,
,,,0.161280000000,   1.20000,
,,,0.161320000000,   1.16000,
,,,0.161360000000,   1.12000,
,,,0.161400000000,   1.08000,
,,,0.161440000000,   1.04000,
,,,0.161480000000,   1.04000,
,,,0.161520000000,   1.00000,
,,,0.161560000000,   0.96000,
,,,0.161600000000,   0.92000,
,,,0.161640000000,   0.92000,
,,,0.161680000000,   0.88000,
,,,0.161720000000,   0.84000,
,,,0.161760000000,   0.84000,
,,,0.161800000000,   0.80000,
,,,0.161840000000,   0.76000,
,,,0.161880000000,   0.72000,
,,,0.161920000000,   0.68000,
,,,0.161960000000,   0.68000,
,,,0.162000000000,   0.64000,
,,,0.162040000000,   0.60000,
,,,0.162080000000,   0.60000,
,,,0.162120000000,   0.56000,
,,,0.162160000000,   0.52000,
,,,0.162200000000,   0.52000,
,,,0.162240000000,   0.48000,
,,,0.162280000000,   0.44000,
,,,0.162320000000,   0.44000,
,,,0.162360000000,   0.40000,
,,,0.162400000000,   0.40000,
,,,0.162440000000,   0.36000,
,,,0.162480000000,   0.32000,
,,,0.162520000000,   0.28000,
,,,0.162560000000,   0.28000,
,,,0.162600000000,   0.24000,
,,,0.162640000000,   0.24000,
,,,0.162680000000,   0.20000,
,,,0.162720000000,   0.16000,
,,,0.162760000000,   0.16000,
,,,0.162800000000,   0.12000,
,,,0.162840000000,   0.12000,
,,,0.162880000000,   0.08000,
,,,0.162920000000,   0.08000,
,,,0.162960000000,   0.00000,
,,,0.163000000000,   0.00000,
,,,0.163040000000,   0.00000,
,,,0.163080000000,  -0.04000,
,,,0.163120000000,  -0.08000,
,,,0.163160000000,  -0.12000,
,,,0.163200000000,  -0.16000,
,,,0.163240000000,  -0.20000,
,,,0.163280000000,  -0.20000,
,,,0.163320000000,  -0.24000,
,,,0.163360000000,  -0.28000,
,,,0.163400000000,  -0.28000,
,,,0.163440000000,  -0.36000,
,,,0.163480000000,  -0.36000,
,,,0.163520000000,  -0.40000,
,,,0.163560000000,  -0.44000,
,,,0.163600000000,  -0.44000,
,,,0.163640000000,  -0.48000,
,,,0.163680000000,  -0.52000,
,,,0.163720000000,  -0.52000,
,,,0.163760000000,  -0.56000,
,,,0.163800000000,  -0.60000,
,,,0.163840000000,  -0.64000,
,,,0.163880000000,  -0.68000,
,,,0.163920000000,  -0.68000,
,,,0.163960000000,  -0.72000,
,,,0.164000000000,  -0.76000,
,,,0.164040000000,  -0.80000,
,,,0.164080000000,  -0.80000,
,,,0.164120000000,  -0.84000,
,,,0.164160000000,  -0.88000,
,,,0.164200000000,  -0.92000,
,,,0.164240000000,  -0.96000,
,,,0.164280000000,  -0.96000,
,,,0.164320000000,  -1.00000,
,,,0.164360000000,  -1.04000,
,,,0.164400000000,  -1.08000,
,,,0.164440000000,  -1.12000,
,,,0.164480000000,  -1.16000,
,,,0.164520000000,  -1.16000,
,,,0.164560000000,  -1.20000,
,,,0.164600000000,  -1.20000,
,,,0.164640000000,  -1.24000,
,,,0.164680000000,  -1.24000,
,,,0.164720000000,  -1.28000,
,,,0.164760000000,  -1.28000,
,,,0.164800000000,  -1.32000,
,,,0.164840000000,  -1.36000,
,,,0.164880000000,  -1.36000,
,,,0.164920000000,  -1.36000,
,,,0.164960000000,  -1.40000,
,,,0.165000000000,  -1.44000,
,,,0.165040000000,  -1.44000,
,,,0.165080000000,  -1.48000,
,,,0.165120000000,  -1.48000,
,,,0.165160000000,  -1.52000,
,,,0.165200000000,  -1.56000,
,,,0.165240000000,  -1.52000,
,,,0.165280000000,  -1.60000,
,,,0.165320000000,  -1.60000,
,,,0.165360000000,  -1.60000,
,,,0.165400000000,  -1.64000,
,,,0.165440000000,  -1.64000,
,,,0.165480000000,  -1.68000,
,,,0.165520000000,  -1.64000,
,,,0.165560000000,  -1.68000,
,,,0.165600000000,  -1.72000,
,,,0.165640000000,  -1.72000,
,,,0.165680000000,  -1.76000,
,,,0.165720000000,  -1.76000,
,,,0.165760000000,  -1.76000,
,,,0.165800000000,  -1.76000,
,,,0.165840000000,  -1.76000,
,,,0.165880000000,  -1.76000,
,,,0.165920000000,  -1.76000,
,,,0.165960000000,  -1.80000,
,,,0.166000000000,  -1.84000,
,,,0.166040000000,  -1.80000,
,,,0.166080000000,  -1.84000,
,,,0.166120000000,  -1.84000,
,,,0.166160000000,  -1.84000,
,,,0.166200000000,  -1.80000,
,,,0.166240000000,  -1.84000,
,,,0.166280000000,  -1.84000,
,,,0.166320000000,  -1.84000,
,,,0.166360000000,  -1.84000,
,,,0.166400000000,  -1.84000,
,,,0.166440000000,  -1.88000,
,,,0.166480000000,  -1.88000,
,,,0.166520000000,  -1.88000,
,,,0.166560000000,  -1.92000,
,,,0.166600000000,  -1.92000,
,,,0.166640000000,  -1.92000,
,,,0.166680000000,  -1.92000,
,,,0.166720000000,  -1.92000,
,,,0.166760000000,  -1.92000,
,,,0.166800000000,  -1.92000,
,,,0.166840000000,  -1.96000,
,,,0.166880000000,  -1.96000,
,,,0.166920000000,  -1.96000,
,,,0.166960000000,  -1.96000,
,,,0.167000000000,  -2.00000,
,,,0.167040000000,  -1.96000,
,,,0.167080000000,  -2.00000,
,,,0.167120000000,  -1.96000,
,,,0.167160000000,  -1.96000,
,,,0.167200000000,  -1.96000,
,,,0.167240000000,  -1.96000,
,,,0.167280000000,  -1.96000,
,,,0.167320000000,  -2.00000,
,,,0.167360000000,  -1.92000,
,,,0.167400000000,  -1.96000,
,,,0.167440000000,  -1.96000,
,,,0.167480000000,  -1.92000,
,,,0.167520000000,  -1.92000,
,,,0.167560000000,  -1.92000,
,,,0.167600000000,  -1.92000,
,,,0.167640000000,  -1.92000,
,,,0.167680000000,  -1.88000,
,,,0.167720000000,  -1.92000,
,,,0.167760000000,  -1.88000,
,,,0.167800000000,  -1.88000,
,,,0.167840000000,  -1.88000,
,,,0.167880000000,  -1.88000,
,,,0.167920000000,  -1.88000,
,,,0.167960000000,  -1.88000,
,,,0.168000000000,  -1.88000,
,,,0.168040000000,  -1.88000,
,,,0.168080000000,  -1.84000,
,,,0.168120000000,  -1.84000,
,,,0.168160000000,  -1.84000,
,,,0.168200000000,  -1.84000,
,,,0.168240000000,  -1.80000,
,,,0.168280000000,  -1.80000,
,,,0.168320000000,  -1.80000,
,,,0.168360000000,  -1.76000,
,,,0.168400000000,  -1.76000,
,,,0.168440000000,  -1.72000,
,,,0.168480000000,  -1.68000,
,,,0.168520000000,  -1.68000,
,,,0.168560000000,  -1.64000,
,,,0.168600000000,  -1.64000,
,,,0.168640000000,  -1.64000,
,,,0.168680000000,  -1.60000,
,,,0.168720000000,  -1.56000,
,,,0.168760000000,  -1.56000,
,,,0.168800000000,  -1.52000,
,,,0.168840000000,  -1.48000,
,,,0.168880000000,  -1.48000,
,,,0.168920000000,  -1.44000,
,,,0.168960000000,  -1.44000,
,,,0.169000000000,  -1.36000,
,,,0.169040000000,  -1.36000,
,,,0.169080000000,  -1.36000,
,,,0.169120000000,  -1.28000,
,,,0.169160000000,  -1.32000,
,,,0.169200000000,  -1.28000,
,,,0.169240000000,  -1.24000,
,,,0.169280000000,  -1.24000,
,,,0.169320000000,  -1.20000,
,,,0.169360000000,  -1.20000,
,,,0.169400000000,  -1.16000,
,,,0.169440000000,  -1.16000,
,,,0.169480000000,  -1.12000,
,,,0.169520000000,  -1.12000,
,,,0.169560000000,  -1.08000,
,,,0.169600000000,  -1.04000,
,,,0.169640000000,  -1.04000,
,,,0.169680000000,  -1.00000,
,,,0.169720000000,  -0.96000,
,,,0.169760000000,  -0.96000,
,,,0.169800000000,  -0.92000,
,,,0.169840000000,  -0.88000,
,,,0.169880000000,  -0.80000,
,,,0.169920000000,  -0.80000,
,,,0.169960000000,  -0.76000,
,,,0.170000000000,  -0.76000,
,,,0.170040000000,  -0.68000,
,,,0.170080000000,  -0.68000,
,,,0.170120000000,  -0.64000,
,,,0.170160000000,  -0.64000,
,,,0.170200000000,  -0.60000,
,,,0.170240000000,  -0.56000,
,,,0.170280000000,  -0.52000,
,,,0.170320000000,  -0.52000,
,,,0.170360000000,  -0.52000,
,,,0.170400000000,  -0.48000,
,,,0.170440000000,  -0.44000,
,,,0.170480000000,  -0.40000,
,,,0.170520000000,  -0.40000,
,,,0.170560000000,  -0.36000,
,,,0.170600000000,  -0.36000,
,,,0.170640000000,  -0.32000,
,,,0.170680000000,  -0.28000,
,,,0.170720000000,  -0.28000,
,,,0.170760000000,  -0.20000,
,,,0.170800000000,  -0.24000,
,,,0.170840000000,  -0.20000,
,,,0.170880000000,  -0.16000,
,,,0.170920000000,  -0.16000,
,,,0.170960000000,  -0.12000,
,,,0.171000000000,  -0.08000,
,,,0.171040000000,  -0.08000,
,,,0.171080000000,  -0.04000,
,,,0.171120000000,  -0.04000,
,,,0.171160000000,   0.00000,
,,,0.171200000000,   0.04000,
,,,0.171240000000,   0.04000,
,,,0.171280000000,   0.08000,
,,,0.171320000000,   0.12000,
,,,0.171360000000,   0.16000,
,,,0.171400000000,   0.16000,
,,,0.171440000000,   0.20000,
,,,0.171480000000,   0.24000,
,,,0.171520000000,   0.24000,
,,,0.171560000000,   0.28000,
,,,0.171600000000,   0.32000,
,,,0.171640000000,   0.32000,
,,,0.171680000000,   0.36000,
,,,0.171720000000,   0.40000,
,,,0.171760000000,   0.44000,
,,,0.171800000000,   0.44000,
,,,0.171840000000,   0.48000,
,,,0.171880000000,   0.52000,
,,,0.171920000000,   0.52000,
,,,0.171960000000,   0.56000,
,,,0.172000000000,   0.60000,
,,,0.172040000000,   0.64000,
,,,0.172080000000,   0.68000,
,,,0.172120000000,   0.68000,
,,,0.172160000000,   0.76000,
,,,0.172200000000,   0.76000,
,,,0.172240000000,   0.80000,
,,,0.172280000000,   0.84000,
,,,0.172320000000,   0.88000,
,,,0.172360000000,   0.88000,
,,,0.172400000000,   0.92000,
,,,0.172440000000,   0.92000,
,,,0.172480000000,   0.96000,
,,,0.172520000000,   1.00000,
,,,0.172560000000,   1.08000,
,,,0.172600000000,   1.08000,
,,,0.172640000000,   1.12000,
,,,0.172680000000,   1.16000,
,,,0.172720000000,   1.20000,
,,,0.172760000000,   1.24000,
,,,0.172800000000,   1.24000,
,,,0.172840000000,   1.24000,
,,,0.172880000000,   1.28000,
,,,0.172920000000,   1.32000,
,,,0.172960000000,   1.28000,
,,,0.173000000000,   1.32000,
,,,0.173040000000,   1.36000,
,,,0.173080000000,   1.40000,
,,,0.173120000000,   1.40000,
,,,0.173160000000,   1.44000,
,,,0.173200000000,   1.44000,
,,,0.173240000000,   1.48000,
,,,0.173280000000,   1.48000,
,,,0.173320000000,   1.52000,
,,,0.173360000000,   1.52000,
,,,0.173400000000,   1.56000,
,,,0.173440000000,   1.60000,
,,,0.173480000000,   1.56000,
,,,0.173520000000,   1.64000,
,,,0.173560000000,   1.64000,
,,,0.173600000000,   1.68000,
,,,0.173640000000,   1.64000,
,,,0.173680000000,   1.68000,
,,,0.173720000000,   1.72000,
,,,0.173760000000,   1.72000,
,,,0.173800000000,   1.72000,
,,,0.173840000000,   1.76000,
,,,0.173880000000,   1.76000,
,,,0.173920000000,   1.76000,
,,,0.173960000000,   1.80000,
,,,0.174000000000,   1.80000,
,,,0.174040000000,   1.76000,
,,,0.174080000000,   1.84000,
,,,0.174120000000,   1.84000,
,,,0.174160000000,   1.84000,
,,,0.174200000000,   1.84000,
,,,0.174240000000,   1.84000,
,,,0.174280000000,   1.88000,
,,,0.174320000000,   1.84000,
,,,0.174360000000,   1.88000,
,,,0.174400000000,   1.88000,
,,,0.174440000000,   1.88000,
,,,0.174480000000,   1.88000,
,,,0.174520000000,   1.88000,
,,,0.174560000000,   1.92000,
,,,0.174600000000,   1.88000,
,,,0.174640000000,   1.92000,
,,,0.174680000000,   1.92000,
,,,0.174720000000,   1.92000,
,,,0.174760000000,   1.92000,
,,,0.174800000000,   1.92000,
,,,0.174840000000,   1.92000,
,,,0.174880000000,   1.96000,
,,,0.174920000000,   1.96000,
,,,0.174960000000,   1.96000,
,,,0.175000000000,   1.96000,
,,,0.175040000000,   2.00000,
,,,0.175080000000,   2.00000,
,,,0.175120000000,   2.00000,
,,,0.175160000000,   2.00000,
,,,0.175200000000,   2.00000,
,,,0.175240000000,   2.00000,
,,,0.175280000000,   2.04000,
,,,0.175320000000,   2.00000,
,,,0.175360000000,   2.00000,
,,,0.175400000000,   2.00000,
,,,0.175440000000,   2.00000,
,,,0.175480000000,   2.00000,
,,,0.175520000000,   2.00000,
,,,0.175560000000,   1.96000,
,,,0.175600000000,   1.96000,
,,,0.175640000000,   1.96000,
,,,0.175680000000,   1.96000,
,,,0.175720000000,   1.96000,
,,,0.175760000000,   1.96000,
,,,0.175800000000,   1.96000,
,,,0.175840000000,   1.92000,
,,,0.175880000000,   1.92000,
,,,0.175920000000,   1.92000,
,,,0.175960000000,   1.92000,
,,,0.176000000000,   1.92000,
,,,0.176040000000,   1.88000,
,,,0.176080000000,   1.88000,
,,,0.176120000000,   1.88000,
,,,0.176160000000,   1.92000,
,,,0.176200000000,   1.88000,
,,,0.176240000000,   1.88000,
,,,0.176280000000,   1.88000,
,,,0.176320000000,   1.88000,
,,,0.176360000000,   1.88000,
,,,0.176400000000,   1.88000,
,,,0.176440000000,   1.84000,
,,,0.176480000000,   1.80000,
,,,0.176520000000,   1.80000,
,,,0.176560000000,   1.80000,
,,,0.176600000000,   1.76000,
,,,0.176640000000,   1.76000,
,,,0.176680000000,   1.72000,
,,,0.176720000000,   1.72000,
,,,0.176760000000,   1.72000,
,,,0.176800000000,   1.68000,
,,,0.176840000000,   1.64000,
,,,0.176880000000,   1.64000,
,,,0.176920000000,   1.60000,
,,,0.176960000000,   1.56000,
,,,0.177000000000,   1.52000,
,,,0.177040000000,   1.52000,
,,,0.177080000000,   1.52000,
,,,0.177120000000,   1.48000,
,,,0.177160000000,   1.44000,
,,,0.177200000000,   1.40000,
,,,0.177240000000,   1.40000,
,,,0.177280000000,   1.40000,
,,,0.177320000000,   1.36000,
,,,0.177360000000,   1.32000,
,,,0.177400000000,   1.28000,
,,,0.177440000000,   1.28000,
,,,0.177480000000,   1.24000,
,,,0.177520000000,   1.24000,
,,,0.177560000000,   1.20000,
,,,0.177600000000,   1.20000,
,,,0.177640000000,   1.16000,
,,,0.177680000000,   1.12000,
,,,0.177720000000,   1.12000,
,,,0.177760000000,   1.08000,
,,,0.177800000000,   1.04000,
,,,0.177840000000,   1.00000,
,,,0.177880000000,   0.96000,
,,,0.177920000000,   0.96000,
,,,0.177960000000,   0.92000,
,,,0.178000000000,   0.92000,
,,,0.178040000000,   0.88000,
,,,0.178080000000,   0.84000,
,,,0.178120000000,   0.76000,
,,,0.178160000000,   0.76000,
,,,0.178200000000,   0.76000,
,,,0.178240000000,   0.72000,
,,,0.178280000000,   0.68000,
,,,0.178320000000,   0.60000,
,,,0.178360000000,   0.60000,
,,,0.178400000000,   0.60000,
,,,0.178440000000,   0.56000,
,,,0.178480000000,   0.52000,
,,,0.178520000000,   0.52000,
,,,0.178560000000,   0.52000,
,,,0.178600000000,   0.44000,
,,,0.178640000000,   0.44000,
,,,0.178680000000,   0.40000,
,,,0.178720000000,   0.40000,
,,,0.178760000000,   0.36000,
,,,0.178800000000,   0.36000,
,,,0.178840000000,   0.32000,
,,,0.178880000000,   0.28000,
,,,0.178920000000,   0.28000,
,,,0.178960000000,   0.24000,
,,,0.179000000000,   0.24000,
,,,0.179040000000,   0.20000,
,,,0.179080000000,   0.16000,
,,,0.179120000000,   0.16000,
,,,0.179160000000,   0.12000,
,,,0.179200000000,   0.08000,
,,,0.179240000000,   0.08000,
,,,0.179280000000,   0.04000,
,,,0.179320000000,   0.04000,
,,,0.179360000000,   0.00000,
,,,0.179400000000,  -0.04000,
,,,0.179440000000,  -0.04000,
,,,0.179480000000,  -0.12000,
,,,0.179520000000,  -0.12000,
,,,0.179560000000,  -0.16000,
,,,0.179600000000,  -0.16000,
,,,0.179640000000,  -0.20000,
,,,0.179680000000,  -0.24000,
,,,0.179720000000,  -0.28000,
,,,0.179760000000,  -0.32000,
,,,0.179800000000,  -0.32000,
,,,0.179840000000,  -0.36000,
,,,0.179880000000,  -0.36000,
,,,0.179920000000,  -0.40000,
,,,0.179960000000,  -0.44000,
,,,0.180000000000,  -0.48000,
,,,0.180040000000,  -0.48000,
,,,0.180080000000,  -0.52000,
,,,0.180120000000,  -0.56000,
,,,0.180160000000,  -0.56000,
,,,0.180200000000,  -0.64000,
,,,0.180240000000,  -0.60000,
,,,0.180280000000,  -0.64000,
,,,0.180320000000,  -0.68000,
,,,0.180360000000,  -0.72000,
,,,0.180400000000,  -0.76000,
,,,0.180440000000,  -0.80000,
,,,0.180480000000,  -0.92000,
,,,0.180520000000,  -0.84000,
,,,0.180560000000,  -0.88000,
,,,0.180600000000,  -0.96000,
,,,0.180640000000,  -0.96000,
,,,0.180680000000,  -0.96000,
,,,0.180720000000,  -1.04000,
,,,0.180760000000,  -1.04000,
,,,0.180800000000,  -1.08000,
,,,0.180840000000,  -1.12000,
,,,0.180880000000,  -1.12000,
,,,0.180920000000,  -1.16000,
,,,0.180960000000,  -1.20000,
,,,0.181000000000,  -1.20000,
,,,0.181040000000,  -1.24000,
,,,0.181080000000,  -1.28000,
,,,0.181120000000,  -1.28000,
,,,0.181160000000,  -1.28000,
,,,0.181200000000,  -1.32000,
,,,0.181240000000,  -1.36000,
,,,0.181280000000,  -1.36000,
,,,0.181320000000,  -1.40000,
,,,0.181360000000,  -1.40000,
,,,0.181400000000,  -1.44000,
,,,0.181440000000,  -1.44000,
,,,0.181480000000,  -1.48000,
,,,0.181520000000,  -1.48000,
,,,0.181560000000,  -1.52000,
,,,0.181600000000,  -1.52000,
,,,0.181640000000,  -1.56000,
,,,0.181680000000,  -1.56000,
,,,0.181720000000,  -1.60000,
,,,0.181760000000,  -1.60000,
,,,0.181800000000,  -1.64000,
,,,0.181840000000,  -1.64000,
,,,0.181880000000,  -1.64000,
,,,0.181920000000,  -1.68000,
,,,0.181960000000,  -1.68000,
,,,0.182000000000,  -1.68000,
,,,0.182040000000,  -1.72000,
,,,0.182080000000,  -1.76000,
,,,0.182120000000,  -1.76000,
,,,0.182160000000,  -1.76000,
,,,0.182200000000,  -1.76000,
,,,0.182240000000,  -1.76000,
,,,0.182280000000,  -1.80000,
,,,0.182320000000,  -1.80000,
,,,0.182360000000,  -1.80000,
,,,0.182400000000,  -1.80000,
,,,0.182440000000,  -1.80000,
,,,0.182480000000,  -1.80000,
,,,0.182520000000,  -1.84000,
,,,0.182560000000,  -1.84000,
,,,0.182600000000,  -1.84000,
,,,0.182640000000,  -1.88000,
,,,0.182680000000,  -1.84000,
,,,0.182720000000,  -1.84000,
,,,0.182760000000,  -1.84000,
,,,0.182800000000,  -1.88000,
,,,0.182840000000,  -1.88000,
,,,0.182880000000,  -1.88000,
,,,0.182920000000,  -1.92000,
,,,0.182960000000,  -1.92000,
,,,0.183000000000,  -1.92000,
,,,0.183040000000,  -1.92000,
,,,0.183080000000,  -1.92000,
,,,0.183120000000,  -1.92000,
,,,0.183160000000,  -1.96000,
,,,0.183200000000,  -1.96000,
,,,0.183240000000,  -1.96000,
,,,0.183280000000,  -1.96000,
,,,0.183320000000,  -1.96000,
,,,0.183360000000,  -2.00000,
,,,0.183400000000,  -2.00000,
,,,0.183440000000,  -2.00000,
,,,0.183480000000,  -2.00000,
,,,0.183520000000,  -1.96000,
,,,0.183560000000,  -2.00000,
,,,0.183600000000,  -1.96000,
,,,0.183640000000,  -1.96000,
,,,0.183680000000,  -1.96000,
,,,0.183720000000,  -2.00000,
,,,0.183760000000,  -1.96000,
,,,0.183800000000,  -1.92000,
,,,0.183840000000,  -1.96000,
,,,0.183880000000,  -1.96000,
,,,0.183920000000,  -1.92000,
,,,0.183960000000,  -1.92000,
,,,0.184000000000,  -1.92000,
,,,0.184040000000,  -1.92000,
,,,0.184080000000,  -1.88000,
,,,0.184120000000,  -1.92000,
,,,0.184160000000,  -1.92000,
,,,0.184200000000,  -1.88000,
,,,0.184240000000,  -1.88000,
,,,0.184280000000,  -1.88000,
,,,0.184320000000,  -1.88000,
,,,0.184360000000,  -1.88000,
,,,0.184400000000,  -1.88000,
,,,0.184440000000,  -1.88000,
,,,0.184480000000,  -1.88000,
,,,0.184520000000,  -1.84000,
,,,0.184560000000,  -1.88000,
,,,0.184600000000,  -1.88000,
,,,0.184640000000,  -1.84000,
,,,0.184680000000,  -1.84000,
,,,0.184720000000,  -1.80000,
,,,0.184760000000,  -1.76000,
,,,0.184800000000,  -1.76000,
,,,0.184840000000,  -1.72000,
,,,0.184880000000,  -1.72000,
,,,0.184920000000,  -1.72000,
,,,0.184960000000,  -1.68000,
,,,0.185000000000,  -1.64000,
,,,0.185040000000,  -1.60000,
,,,0.185080000000,  -1.60000,
,,,0.185120000000,  -1.60000,
,,,0.185160000000,  -1.52000,
,,,0.185200000000,  -1.56000,
,,,0.185240000000,  -1.52000,
,,,0.185280000000,  -1.48000,
,,,0.185320000000,  -1.44000,
,,,0.185360000000,  -1.40000,
,,,0.185400000000,  -1.40000,
,,,0.185440000000,  -1.36000,
,,,0.185480000000,  -1.32000,
,,,0.185520000000,  -1.32000,
,,,0.185560000000,  -1.28000,
,,,0.185600000000,  -1.28000,
,,,0.185640000000,  -1.24000,
,,,0.185680000000,  -1.24000,
,,,0.185720000000,  -1.20000,
,,,0.185760000000,  -1.20000,
,,,0.185800000000,  -1.16000,
,,,0.185840000000,  -1.16000,
,,,0.185880000000,  -1.12000,
,,,0.185920000000,  -1.08000,
,,,0.185960000000,  -1.04000,
,,,0.186000000000,  -1.04000,
,,,0.186040000000,  -1.00000,
,,,0.186080000000,  -0.96000,
,,,0.186120000000,  -0.92000,
,,,0.186160000000,  -0.88000,
,,,0.186200000000,  -0.92000,
,,,0.186240000000,  -0.84000,
,,,0.186280000000,  -0.80000,
,,,0.186320000000,  -0.76000,
,,,0.186360000000,  -0.76000,
,,,0.186400000000,  -0.68000,
,,,0.186440000000,  -0.68000,
,,,0.186480000000,  -0.64000,
,,,0.186520000000,  -0.60000,
,,,0.186560000000,  -0.60000,
,,,0.186600000000,  -0.56000,
,,,0.186640000000,  -0.56000,
,,,0.186680000000,  -0.52000,
,,,0.186720000000,  -0.48000,
,,,0.186760000000,  -0.44000,
,,,0.186800000000,  -0.44000,
,,,0.186840000000,  -0.44000,
,,,0.186880000000,  -0.40000,
,,,0.186920000000,  -0.36000,
,,,0.186960000000,  -0.36000,
,,,0.187000000000,  -0.32000,
,,,0.187040000000,  -0.32000,
,,,0.187080000000,  -0.28000,
,,,0.187120000000,  -0.24000,
,,,0.187160000000,  -0.20000,
,,,0.187200000000,  -0.20000,
,,,0.187240000000,  -0.20000,
,,,0.187280000000,  -0.16000,
,,,0.187320000000,  -0.12000,
,,,0.187360000000,  -0.08000,
,,,0.187400000000,  -0.04000,
,,,0.187440000000,  -0.04000,
,,,0.187480000000,   0.00000,
,,,0.187520000000,   0.04000,
,,,0.187560000000,   0.04000,
,,,0.187600000000,   0.08000,
,,,0.187640000000,   0.12000,
,,,0.187680000000,   0.16000,
,,,0.187720000000,   0.20000,
,,,0.187760000000,   0.20000,
,,,0.187800000000,   0.28000,
,,,0.187840000000,   0.28000,
,,,0.187880000000,   0.28000,
,,,0.187920000000,   0.32000,
,,,0.187960000000,   0.36000,
,,,0.188000000000,   0.44000,
,,,0.188040000000,   0.44000,
,,,0.188080000000,   0.44000,
,,,0.188120000000,   0.48000,
,,,0.188160000000,   0.52000,
,,,0.188200000000,   0.52000,
,,,0.188240000000,   0.56000,
,,,0.188280000000,   0.60000,
,,,0.188320000000,   0.60000,
,,,0.188360000000,   0.64000,
,,,0.188400000000,   0.64000,
,,,0.188440000000,   0.72000,
,,,0.188480000000,   0.72000,
,,,0.188520000000,   0.76000,
,,,0.188560000000,   0.80000,
,,,0.188600000000,   0.84000,
,,,0.188640000000,   0.88000,
,,,0.188680000000,   0.88000,
,,,0.188720000000,   0.92000,
,,,0.188760000000,   0.96000,
,,,0.188800000000,   1.00000,
,,,0.188840000000,   1.04000,
,,,0.188880000000,   1.08000,
,,,0.188920000000,   1.12000,
,,,0.188960000000,   1.12000,
,,,0.189000000000,   1.16000,
,,,0.189040000000,   1.20000,
,,,0.189080000000,   1.20000,
,,,0.189120000000,   1.24000,
,,,0.189160000000,   1.24000,
,,,0.189200000000,   1.28000,
,,,0.189240000000,   1.32000,
,,,0.189280000000,   1.32000,
,,,0.189320000000,   1.32000,
,,,0.189360000000,   1.36000,
,,,0.189400000000,   1.40000,
,,,0.189440000000,   1.40000,
,,,0.189480000000,   1.44000,
,,,0.189520000000,   1.44000,
,,,0.189560000000,   1.48000,
,,,0.189600000000,   1.48000,
,,,0.189640000000,   1.56000,
,,,0.189680000000,   1.56000,
,,,0.189720000000,   1.56000,
,,,0.189760000000,   1.56000,
,,,0.189800000000,   1.60000,
,,,0.189840000000,   1.64000,
,,,0.189880000000,   1.64000,
,,,0.189920000000,   1.64000,
,,,0.189960000000,   1.68000,
,,,0.190000000000,   1.68000,
,,,0.190040000000,   1.72000,
,,,0.190080000000,   1.72000,
,,,0.190120000000,   1.72000,
,,,0.190160000000,   1.76000,
,,,0.190200000000,   1.76000,
,,,0.190240000000,   1.80000,
,,,0.190280000000,   1.80000,
,,,0.190320000000,   1.80000,
,,,0.190360000000,   1.80000,
,,,0.190400000000,   1.84000,
,,,0.190440000000,   1.80000,
,,,0.190480000000,   1.80000,
,,,0.190520000000,   1.84000,
,,,0.190560000000,   1.84000,
,,,0.190600000000,   1.84000,
,,,0.190640000000,   1.88000,
,,,0.190680000000,   1.88000,
,,,0.190720000000,   1.88000,
,,,0.190760000000,   1.88000,
,,,0.190800000000,   1.88000,
,,,0.190840000000,   1.88000,
,,,0.190880000000,   1.88000,
,,,0.190920000000,   1.88000,
,,,0.190960000000,   1.88000,
,,,0.191000000000,   1.92000,
,,,0.191040000000,   1.92000,
,,,0.191080000000,   1.92000,
,,,0.191120000000,   1.92000,
,,,0.191160000000,   1.96000,
,,,0.191200000000,   1.96000,
,,,0.191240000000,   1.96000,
,,,0.191280000000,   2.00000,
,,,0.191320000000,   2.00000,
,,,0.191360000000,   2.00000,
,,,0.191400000000,   2.00000,
,,,0.191440000000,   2.00000,
,,,0.191480000000,   2.04000,
,,,0.191520000000,   2.00000,
,,,0.191560000000,   2.04000,
,,,0.191600000000,   2.00000,
,,,0.191640000000,   2.04000,
,,,0.191680000000,   2.00000,
,,,0.191720000000,   2.00000,
,,,0.191760000000,   2.00000,
,,,0.191800000000,   2.00000,
,,,0.191840000000,   2.00000,
,,,0.191880000000,   2.00000,
,,,0.191920000000,   2.00000,
,,,0.191960000000,   1.96000,
,,,0.192000000000,   2.00000,
,,,0.192040000000,   1.96000,
,,,0.192080000000,   1.96000,
,,,0.192120000000,   1.96000,
,,,0.192160000000,   1.96000,
,,,0.192200000000,   2.00000,
,,,0.192240000000,   1.96000,
,,,0.192280000000,   1.92000,
,,,0.192320000000,   1.92000,
,,,0.192360000000,   1.92000,
,,,0.192400000000,   1.92000,
,,,0.192440000000,   1.92000,
,,,0.192480000000,   1.92000,
,,,0.192520000000,   1.92000,
,,,0.192560000000,   1.88000,
,,,0.192600000000,   1.88000,
,,,0.192640000000,   1.88000,
,,,0.192680000000,   1.88000,
,,,0.192720000000,   1.88000,
,,,0.192760000000,   1.88000,
,,,0.192800000000,   1.84000,
,,,0.192840000000,   1.84000,
,,,0.192880000000,   1.80000,
,,,0.192920000000,   1.80000,
,,,0.192960000000,   1.76000,
,,,0.193000000000,   1.76000,
,,,0.193040000000,   1.72000,
,,,0.193080000000,   1.68000,
,,,0.193120000000,   1.68000,
,,,0.193160000000,   1.64000,
,,,0.193200000000,   1.64000,
,,,0.193240000000,   1.60000,
,,,0.193280000000,   1.56000,
,,,0.193320000000,   1.52000,
,,,0.193360000000,   1.52000,
,,,0.193400000000,   1.52000,
,,,0.193440000000,   1.44000,
,,,0.193480000000,   1.48000,
,,,0.193520000000,   1.40000,
,,,0.193560000000,   1.40000,
,,,0.193600000000,   1.36000,
,,,0.193640000000,   1.36000,
,,,0.193680000000,   1.32000,
,,,0.193720000000,   1.32000,
,,,0.193760000000,   1.28000,
,,,0.193800000000,   1.24000,
,,,0.193840000000,   1.24000,
,,,0.193880000000,   1.24000,
,,,0.193920000000,   1.20000,
,,,0.193960000000,   1.16000,
,,,0.194000000000,   1.16000,
,,,0.194040000000,   1.08000,
,,,0.194080000000,   1.08000,
,,,0.194120000000,   1.04000,
,,,0.194160000000,   1.00000,
,,,0.194200000000,   1.00000,
,,,0.194240000000,   0.96000,
,,,0.194280000000,   0.92000,
,,,0.194320000000,   0.88000,
,,,0.194360000000,   0.84000,
,,,0.194400000000,   0.84000,
,,,0.194440000000,   0.80000,
,,,0.194480000000,   0.76000,
,,,0.194520000000,   0.76000,
,,,0.194560000000,   0.68000,
,,,0.194600000000,   0.64000,
,,,0.194640000000,   0.64000,
,,,0.194680000000,   0.60000,
,,,0.194720000000,   0.60000,
,,,0.194760000000,   0.56000,
,,,0.194800000000,   0.52000,
,,,0.194840000000,   0.52000,
,,,0.194880000000,   0.48000,
,,,0.194920000000,   0.44000,
,,,0.194960000000,   0.44000,
,,,0.195000000000,   0.40000,
,,,0.195040000000,   0.40000,
,,,0.195080000000,   0.36000,
,,,0.195120000000,   0.36000,
,,,0.195160000000,   0.32000,
,,,0.195200000000,   0.28000,
,,,0.195240000000,   0.28000,
,,,0.195280000000,   0.24000,
,,,0.195320000000,   0.20000,
,,,0.195360000000,   0.20000,
,,,0.195400000000,   0.20000,
,,,0.195440000000,   0.16000,
,,,0.195480000000,   0.12000,
,,,0.195520000000,   0.08000,
,,,0.195560000000,   0.04000,
,,,0.195600000000,   0.04000,
,,,0.195640000000,   0.00000,
,,,0.195680000000,  -0.04000,
,,,0.195720000000,  -0.04000,
,,,0.195760000000,  -0.08000,
,,,0.195800000000,  -0.12000,
,,,0.195840000000,  -0.16000,
,,,0.195880000000,  -0.20000,
,,,0.195920000000,  -0.20000,
,,,0.195960000000,  -0.24000,
,,,0.196000000000,  -0.24000,
,,,0.196040000000,  -0.32000,
,,,0.196080000000,  -0.36000,
,,,0.196120000000,  -0.36000,
,,,0.196160000000,  -0.40000,
,,,0.196200000000,  -0.40000,
,,,0.196240000000,  -0.44000,
,,,0.196280000000,  -0.48000,
,,,0.196320000000,  -0.52000,
,,,0.196360000000,  -0.52000,
,,,0.196400000000,  -0.56000,
,,,0.196440000000,  -0.60000,
,,,0.196480000000,  -0.64000,
,,,0.196520000000,  -0.64000,
,,,0.196560000000,  -0.68000,
,,,0.196600000000,  -0.72000,
,,,0.196640000000,  -0.76000,
,,,0.196680000000,  -0.76000,
,,,0.196720000000,  -0.84000,
,,,0.196760000000,  -0.84000,
,,,0.196800000000,  -0.88000,
,,,0.196840000000,  -0.88000,
,,,0.196880000000,  -0.96000,
,,,0.196920000000,  -0.96000,
,,,0.196960000000,  -1.00000,
,,,0.197000000000,  -1.04000,
,,,0.197040000000,  -1.12000,
,,,0.197080000000,  -1.12000,
,,,0.197120000000,  -1.16000,
,,,0.197160000000,  -1.20000,
,,,0.197200000000,  -1.20000,
,,,0.197240000000,  -1.24000,
,,,0.197280000000,  -1.24000,
,,,0.197320000000,  -1.28000,
,,,0.197360000000,  -1.28000,
,,,0.197400000000,  -1.32000,
,,,0.197440000000,  -1.32000,
,,,0.197480000000,  -1.36000,
,,,0.197520000000,  -1.40000,
,,,0.197560000000,  -1.40000,
,,,0.197600000000,  -1.44000,
,,,0.197640000000,  -1.44000,
,,,0.197680000000,  -1.44000,
,,,0.197720000000,  -1.48000,
,,,0.197760000000,  -1.48000,
,,,0.197800000000,  -1.52000,
,,,0.197840000000,  -1.56000,
,,,0.197880000000,  -1.56000,
,,,0.197920000000,  -1.56000,
,,,0.197960000000,  -1.60000,
,,,0.198000000000,  -1.60000,
,,,0.198040000000,  -1.64000,
,,,0.198080000000,  -1.64000,
,,,0.198120000000,  -1.68000,
,,,0.198160000000,  -1.68000,
,,,0.198200000000,  -1.68000,
,,,0.198240000000,  -1.72000,
,,,0.198280000000,  -1.68000,
,,,0.198320000000,  -1.72000,
,,,0.198360000000,  -1.72000,
,,,0.198400000000,  -1.76000,
,,,0.198440000000,  -1.76000,
,,,0.198480000000,  -1.76000,
,,,0.198520000000,  -1.76000,
,,,0.198560000000,  -1.76000,
,,,0.198600000000,  -1.80000,
,,,0.198640000000,  -1.80000,
,,,0.198680000000,  -1.80000,
,,,0.198720000000,  -1.80000,
,,,0.198760000000,  -1.80000,
,,,0.198800000000,  -1.84000,
,,,0.198840000000,  -1.84000,
,,,0.198880000000,  -1.84000,
,,,0.198920000000,  -1.84000,
,,,0.198960000000,  -1.88000,
,,,0.199000000000,  -1.88000,
,,,0.199040000000,  -1.88000,
,,,0.199080000000,  -1.84000,
,,,0.199120000000,  -1.88000,
,,,0.199160000000,  -1.92000,
,,,0.199200000000,  -1.92000,
,,,0.199240000000,  -1.92000,
,,,0.199280000000,  -1.92000,
,,,0.199320000000,  -1.92000,
,,,0.199360000000,  -1.92000,
,,,0.199400000000,  -1.92000,
,,,0.199440000000,  -1.96000,
,,,0.199480000000,  -1.96000,
,,,0.199520000000,  -2.00000,
,,,0.199560000000,  -1.96000,
,,,0.199600000000,  -1.96000,
,,,0.199640000000,  -1.96000,
,,,0.199680000000,  -2.00000,
,,,0.199720000000,  -1.96000,
,,,0.199760000000,  -2.00000,
,,,0.199800000000,  -1.96000,
,,,0.199840000000,  -1.96000,
,,,0.199880000000,  -1.96000,
,,,0.199920000000,  -1.96000,
,,,0.199960000000,  -1.96000,
,,,0.200000000000,  -1.92000,
,,,0.200040000000,  -1.92000,
,,,0.200080000000,  -1.96000,
,,,0.200120000000,  -1.92000,
,,,0.200160000000,  -1.92000,
,,,0.200200000000,  -1.92000,
,,,0.200240000000,  -1.92000,
,,,0.200280000000,  -1.88000,
,,,0.200320000000,  -1.88000,
,,,0.200360000000,  -1.92000,
,,,0.200400000000,  -1.88000,
,,,0.200440000000,  -1.88000,
,,,0.200480000000,  -1.88000,
,,,0.200520000000,  -1.88000,
,,,0.200560000000,  -1.88000,
,,,0.200600000000,  -1.88000,
,,,0.200640000000,  -1.88000,
,,,0.200680000000,  -1.88000,
,,,0.200720000000,  -1.84000,
,,,0.200760000000,  -1.84000,
,,,0.200800000000,  -1.84000,
,,,0.200840000000,  -1.84000,
,,,0.200880000000,  -1.80000,
,,,0.200920000000,  -1.84000,
,,,0.200960000000,  -1.80000,
,,,0.201000000000,  -1.76000,
,,,0.201040000000,  -1.76000,
,,,0.201080000000,  -1.76000,
,,,0.201120000000,  -1.72000,
,,,0.201160000000,  -1.68000,
,,,0.201200000000,  -1.64000,
,,,0.201240000000,  -1.64000,
,,,0.201280000000,  -1.60000,
,,,0.201320000000,  -1.60000,
,,,0.201360000000,  -1.56000,
,,,0.201400000000,  -1.56000,
,,,0.201440000000,  -1.52000,
,,,0.201480000000,  -1.48000,
,,,0.201520000000,  -1.48000,
,,,0.201560000000,  -1.44000,
,,,0.201600000000,  -1.40000,
,,,0.201640000000,  -1.40000,
,,,0.201680000000,  -1.36000,
,,,0.201720000000,  -1.36000,
,,,0.201760000000,  -1.32000,
,,,0.201800000000,  -1.28000,
,,,0.201840000000,  -1.28000,
,,,0.201880000000,  -1.24000,
,,,0.201920000000,  -1.24000,
,,,0.201960000000,  -1.20000,
,,,0.202000000000,  -1.20000,
,,,0.202040000000,  -1.16000,
,,,0.202080000000,  -1.16000,
,,,0.202120000000,  -1.12000,
,,,0.202160000000,  -1.12000,
,,,0.202200000000,  -1.08000,
,,,0.202240000000,  -1.04000,
,,,0.202280000000,  -1.04000,
,,,0.202320000000,  -0.96000,
,,,0.202360000000,  -0.96000,
,,,0.202400000000,  -0.92000,
,,,0.202440000000,  -0.92000,
,,,0.202480000000,  -0.84000,
,,,0.202520000000,  -0.84000,
,,,0.202560000000,  -0.80000,
,,,0.202600000000,  -0.76000,
,,,0.202640000000,  -0.76000,
,,,0.202680000000,  -0.68000,
,,,0.202720000000,  -0.64000,
,,,0.202760000000,  -0.64000,
,,,0.202800000000,  -0.64000,
,,,0.202840000000,  -0.56000,
,,,0.202880000000,  -0.52000,
,,,0.202920000000,  -0.52000,
,,,0.202960000000,  -0.52000,
,,,0.203000000000,  -0.48000,
,,,0.203040000000,  -0.44000,
,,,0.203080000000,  -0.44000,
,,,0.203120000000,  -0.40000,
,,,0.203160000000,  -0.36000,
,,,0.203200000000,  -0.32000,
,,,0.203240000000,  -0.36000,
,,,0.203280000000,  -0.32000,
,,,0.203320000000,  -0.32000,
,,,0.203360000000,  -0.28000,
,,,0.203400000000,  -0.20000,
,,,0.203440000000,  -0.20000,
,,,0.203480000000,  -0.20000,
,,,0.203520000000,  -0.20000,
,,,0.203560000000,  -0.16000,
,,,0.203600000000,  -0.16000,
,,,0.203640000000,  -0.12000,
,,,0.203680000000,  -0.04000,
,,,0.203720000000,  -0.04000,
,,,0.203760000000,   0.00000,
,,,0.203800000000,   0.00000,
,,,0.203840000000,   0.08000,
,,,0.203880000000,   0.08000,
,,,0.203920000000,   0.08000,
,,,0.203960000000,   0.16000,
,,,0.204000000000,   0.16000,
,,,0.204040000000,   0.16000,
,,,0.204080000000,   0.24000,
,,,0.204120000000,   0.24000,
,,,0.204160000000,   0.28000,
,,,0.204200000000,   0.32000,
,,,0.204240000000,   0.32000,
,,,0.204280000000,   0.36000,
,,,0.204320000000,   0.40000,
,,,0.204360000000,   0.40000,
,,,0.204400000000,   0.48000,
,,,0.204440000000,   0.48000,
,,,0.204480000000,   0.52000,
,,,0.204520000000,   0.52000,
,,,0.204560000000,   0.56000,
,,,0.204600000000,   0.60000,
,,,0.204640000000,   0.64000,
,,,0.204680000000,   0.64000,
,,,0.204720000000,   0.68000,
,,,0.204760000000,   0.68000,
,,,0.204800000000,   0.76000,
,,,0.204840000000,   0.76000,
,,,0.204880000000,   0.80000,
,,,0.204920000000,   0.84000,
,,,0.204960000000,   0.88000,
,,,0.205000000000,   0.92000,
,,,0.205040000000,   0.92000,
,,,0.205080000000,   0.96000,
,,,0.205120000000,   1.00000,
,,,0.205160000000,   1.04000,
,,,0.205200000000,   1.08000,
,,,0.205240000000,   1.08000,
,,,0.205280000000,   1.12000,
,,,0.205320000000,   1.16000,
,,,0.205360000000,   1.20000,
,,,0.205400000000,   1.20000,
,,,0.205440000000,   1.24000,
,,,0.205480000000,   1.24000,
,,,0.205520000000,   1.28000,
,,,0.205560000000,   1.32000,
,,,0.205600000000,   1.36000,
,,,0.205640000000,   1.36000,
,,,0.205680000000,   1.36000,
,,,0.205720000000,   1.40000,
,,,0.205760000000,   1.44000,
,,,0.205800000000,   1.40000,
,,,0.205840000000,   1.48000,
,,,0.205880000000,   1.48000,
,,,0.205920000000,   1.52000,
,,,0.205960000000,   1.52000,
,,,0.206000000000,   1.56000,
,,,0.206040000000,   1.56000,
,,,0.206080000000,   1.56000,
,,,0.206120000000,   1.60000,
,,,0.206160000000,   1.60000,
,,,0.206200000000,   1.64000,
,,,0.206240000000,   1.64000,
,,,0.206280000000,   1.68000,
,,,0.206320000000,   1.68000,
,,,0.206360000000,   1.68000,
,,,0.206400000000,   1.72000,
,,,0.206440000000,   1.76000,
,,,0.206480000000,   1.76000,
,,,0.206520000000,   1.76000,
,,,0.206560000000,   1.76000,
,,,0.206600000000,   1.76000,
,,,0.206640000000,   1.80000,
,,,0.206680000000,   1.80000,
,,,0.206720000000,   1.80000,
,,,0.206760000000,   1.84000,
,,,0.206800000000,   1.80000,
,,,0.206840000000,   1.84000,
,,,0.206880000000,   1.84000,
,,,0.206920000000,   1.84000,
,,,0.206960000000,   1.84000,
,,,0.207000000000,   1.84000,
,,,0.207040000000,   1.84000,
,,,0.207080000000,   1.84000,
,,,0.207120000000,   1.88000,
,,,0.207160000000,   1.88000,
,,,0.207200000000,   1.88000,
,,,0.207240000000,   1.88000,
,,,0.207280000000,   1.88000,
,,,0.207320000000,   1.88000,
,,,0.207360000000,   1.92000,
,,,0.207400000000,   1.92000,
,,,0.207440000000,   1.92000,
,,,0.207480000000,   1.92000,
,,,0.207520000000,   1.96000,
,,,0.207560000000,   1.96000,
,,,0.207600000000,   1.96000,
,,,0.207640000000,   1.96000,
,,,0.207680000000,   2.00000,
,,,0.207720000000,   1.96000,
,,,0.207760000000,   2.00000,
,,,0.207800000000,   2.00000,
,,,0.207840000000,   2.00000,
,,,0.207880000000,   2.04000,
,,,0.207920000000,   2.00000,
,,,0.207960000000,   2.00000,
,,,0.208000000000,   2.00000,
,,,0.208040000000,   2.00000,
,,,0.208080000000,   2.00000,
,,,0.208120000000,   2.00000,
,,,0.208160000000,   1.96000,
,,,0.208200000000,   2.00000,
,,,0.208240000000,   2.00000,
,,,0.208280000000,   1.96000,
,,,0.208320000000,   1.96000,
,,,0.208360000000,   1.96000,
,,,0.208400000000,   1.96000,
,,,0.208440000000,   1.96000,
,,,0.208480000000,   1.92000,
,,,0.208520000000,   1.92000,
,,,0.208560000000,   1.88000,
,,,0.208600000000,   1.92000,
,,,0.208640000000,   1.88000,
,,,0.208680000000,   1.92000,
,,,0.208720000000,   1.88000,
,,,0.208760000000,   1.92000,
,,,0.208800000000,   1.88000,
,,,0.208840000000,   1.88000,
,,,0.208880000000,   1.88000,
,,,0.208920000000,   1.88000,
,,,0.208960000000,   1.88000,
,,,0.209000000000,   1.88000,
,,,0.209040000000,   1.84000,
,,,0.209080000000,   1.84000,
,,,0.209120000000,   1.84000,
,,,0.209160000000,   1.84000,
,,,0.209200000000,   1.76000,
,,,0.209240000000,   1.80000,
,,,0.209280000000,   1.72000,
,,,0.209320000000,   1.72000,
,,,0.209360000000,   1.72000,
,,,0.209400000000,   1.72000,
,,,0.209440000000,   1.64000,
,,,0.209480000000,   1.64000,
,,,0.209520000000,   1.60000,
,,,0.209560000000,   1.60000,
,,,0.209600000000,   1.56000,
,,,0.209640000000,   1.56000,
,,,0.209680000000,   1.52000,
,,,0.209720000000,   1.48000,
,,,0.209760000000,   1.48000,
,,,0.209800000000,   1.44000,
,,,0.209840000000,   1.44000,
,,,0.209880000000,   1.40000,
,,,0.209920000000,   1.36000,
,,,0.209960000000,   1.36000,
,,,0.210000000000,   1.28000,
,,,0.210040000000,   1.28000,
,,,0.210080000000,   1.28000,
,,,0.210120000000,   1.24000,
,,,0.210160000000,   1.24000,
,,,0.210200000000,   1.20000,
,,,0.210240000000,   1.20000,
,,,0.210280000000,   1.16000,
,,,0.210320000000,   1.12000,
,,,0.210360000000,   1.12000,
,,,0.210400000000,   1.08000,
,,,0.210440000000,   1.04000,
,,,0.210480000000,   1.00000,
,,,0.210520000000,   0.96000,
,,,0.210560000000,   0.96000,
,,,0.210600000000,   0.92000,
,,,0.210640000000,   0.92000,
,,,0.210680000000,   0.88000,
,,,0.210720000000,   0.84000,
,,,0.210760000000,   0.76000,
,,,0.210800000000,   0.76000,
,,,0.210840000000,   0.72000,
,,,0.210880000000,   0.72000,
,,,0.210920000000,   0.68000,
,,,0.210960000000,   0.64000,
,,,0.211000000000,   0.60000,
,,,0.211040000000,   0.60000,
,,,0.211080000000,   0.56000,
,,,0.211120000000,   0.52000,
,,,0.211160000000,   0.52000,
,,,0.211200000000,   0.48000,
,,,0.211240000000,   0.48000,
,,,0.211280000000,   0.44000,
,,,0.211320000000,   0.40000,
,,,0.211360000000,   0.40000,
,,,0.211400000000,   0.36000,
,,,0.211440000000,   0.32000,
,,,0.211480000000,   0.32000,
,,,0.211520000000,   0.28000,
,,,0.211560000000,   0.28000,
,,,0.211600000000,   0.24000,
,,,0.211640000000,   0.24000,
,,,0.211680000000,   0.20000,
,,,0.211720000000,   0.16000,
,,,0.211760000000,   0.16000,
,,,0.211800000000,   0.12000,
,,,0.211840000000,   0.08000,
,,,0.211880000000,   0.08000,
,,,0.211920000000,   0.04000,
,,,0.211960000000,   0.00000,
,,,0.212000000000,  -0.04000,
,,,0.212040000000,  -0.04000,
,,,0.212080000000,  -0.08000,
,,,0.212120000000,  -0.08000,
,,,0.212160000000,  -0.16000,
,,,0.212200000000,  -0.16000,
,,,0.212240000000,  -0.20000,
,,,0.212280000000,  -0.24000,
,,,0.212320000000,  -0.28000,
,,,0.212360000000,  -0.28000,
,,,0.212400000000,  -0.32000,
,,,0.212440000000,  -0.36000,
,,,0.212480000000,  -0.36000,
,,,0.212520000000,  -0.40000,
,,,0.212560000000,  -0.44000,
,,,0.212600000000,  -0.44000,
,,,0.212640000000,  -0.48000,
,,,0.212680000000,  -0.52000,
,,,0.212720000000,  -0.52000,
,,,0.212760000000,  -0.56000,
,,,0.212800000000,  -0.60000,
,,,0.212840000000,  -0.64000,
,,,0.212880000000,  -0.64000,
,,,0.212920000000,  -0.68000,
,,,0.212960000000,  -0.72000,
,,,0.213000000000,  -0.76000,
,,,0.213040000000,  -0.80000,
,,,0.213080000000,  -0.84000,
,,,0.213120000000,  -0.84000,
,,,0.213160000000,  -0.88000,
,,,0.213200000000,  -0.92000,
,,,0.213240000000,  -0.96000,
,,,0.213280000000,  -1.00000,
,,,0.213320000000,  -1.00000,
,,,0.213360000000,  -1.04000,
,,,0.213400000000,  -1.08000,
,,,0.213440000000,  -1.12000,
,,,0.213480000000,  -1.12000,
,,,0.213520000000,  -1.16000,
,,,0.213560000000,  -1.20000,
,,,0.213600000000,  -1.24000,
,,,0.213640000000,  -1.24000,
,,,0.213680000000,  -1.24000,
,,,0.213720000000,  -1.28000,
,,,0.213760000000,  -1.28000,
,,,0.213800000000,  -1.32000,
,,,0.213840000000,  -1.32000,
,,,0.213880000000,  -1.36000,
,,,0.213920000000,  -1.40000,
,,,0.213960000000,  -1.40000,
,,,0.214000000000,  -1.44000,
,,,0.214040000000,  -1.44000,
,,,0.214080000000,  -1.44000,
,,,0.214120000000,  -1.48000,
,,,0.214160000000,  -1.52000,
,,,0.214200000000,  -1.52000,
,,,0.214240000000,  -1.56000,
,,,0.214280000000,  -1.60000,
,,,0.214320000000,  -1.60000,
,,,0.214360000000,  -1.60000,
,,,0.214400000000,  -1.64000,
,,,0.214440000000,  -1.64000,
,,,0.214480000000,  -1.64000,
,,,0.214520000000,  -1.68000,
,,,0.214560000000,  -1.72000,
,,,0.214600000000,  -1.72000,
,,,0.214640000000,  -1.72000,
,,,0.214680000000,  -1.76000,
,,,0.214720000000,  -1.72000,
,,,0.214760000000,  -1.76000,
,,,0.214800000000,  -1.76000,
,,,0.214840000000,  -1.76000,
,,,0.214880000000,  -1.80000,
,,,0.214920000000,  -1.76000,
,,,0.214960000000,  -1.80000,
,,,0.215000000000,  -1.80000,
,,,0.215040000000,  -1.80000,
,,,0.215080000000,  -1.84000,
,,,0.215120000000,  -1.84000,
,,,0.215160000000,  -1.84000,
,,,0.215200000000,  -1.84000,
,,,0.215240000000,  -1.88000,
,,,0.215280000000,  -1.84000,
,,,0.215320000000,  -1.84000,
,,,0.215360000000,  -1.84000,
,,,0.215400000000,  -1.88000,
,,,0.215440000000,  -1.88000,
,,,0.215480000000,  -1.88000,
,,,0.215520000000,  -1.88000,
,,,0.215560000000,  -1.92000,
,,,0.215600000000,  -1.92000,
,,,0.215640000000,  -1.92000,
,,,0.215680000000,  -1.92000,
,,,0.215720000000,  -1.96000,
,,,0.215760000000,  -1.96000,
,,,0.215800000000,  -1.96000,
,,,0.215840000000,  -1.96000,
,,,0.215880000000,  -1.96000,
,,,0.215920000000,  -1.96000,
,,,0.215960000000,  -2.00000,
,,,0.216000000000,  -2.00000,
,,,0.216040000000,  -1.96000,
,,,0.216080000000,  -2.00000,
,,,0.216120000000,  -2.00000,
,,,0.216160000000,  -1.96000,
,,,0.216200000000,  -1.96000,
,,,0.216240000000,  -1.96000,
,,,0.216280000000,  -1.96000,
,,,0.216320000000,  -1.92000,
,,,0.216360000000,  -1.96000,
,,,0.216400000000,  -1.96000,
,,,0.216440000000,  -1.96000,
,,,0.216480000000,  -1.92000,
,,,0.216520000000,  -1.92000,
,,,0.216560000000,  -1.92000,
,,,0.216600000000,  -1.88000,
,,,0.216640000000,  -1.92000,
,,,0.216680000000,  -1.92000,
,,,0.216720000000,  -1.88000,
,,,0.216760000000,  -1.88000,
,,,0.216800000000,  -1.88000,
,,,0.216840000000,  -1.92000,
,,,0.216880000000,  -1.92000,
,,,0.216920000000,  -1.88000,
,,,0.216960000000,  -1.88000,
,,,0.217000000000,  -1.84000,
,,,0.217040000000,  -1.84000,
,,,0.217080000000,  -1.88000,
,,,0.217120000000,  -1.88000,
,,,0.217160000000,  -1.84000,
,,,0.217200000000,  -1.84000,
,,,0.217240000000,  -1.80000,
,,,0.217280000000,  -1.80000,
,,,0.217320000000,  -1.76000,
,,,0.217360000000,  -1.76000,
,,,0.217400000000,  -1.76000,
,,,0.217440000000,  -1.72000,
,,,0.217480000000,  -1.72000,
,,,0.217520000000,  -1.68000,
,,,0.217560000000,  -1.68000,
,,,0.217600000000,  -1.64000,
,,,0.217640000000,  -1.64000,
,,,0.217680000000,  -1.60000,
,,,0.217720000000,  -1.56000,
,,,0.217760000000,  -1.52000,
,,,0.217800000000,  -1.52000,
,,,0.217840000000,  -1.48000,
,,,0.217880000000,  -1.48000,
,,,0.217920000000,  -1.44000,
,,,0.217960000000,  -1.44000,
,,,0.218000000000,  -1.40000,
,,,0.218040000000,  -1.36000,
,,,0.218080000000,  -1.36000,
,,,0.218120000000,  -1.32000,
,,,0.218160000000,  -1.28000,
,,,0.218200000000,  -1.28000,
,,,0.218240000000,  -1.24000,
,,,0.218280000000,  -1.24000,
,,,0.218320000000,  -1.24000,
,,,0.218360000000,  -1.20000,
,,,0.218400000000,  -1.20000,
,,,0.218440000000,  -1.16000,
,,,0.218480000000,  -1.12000,
,,,0.218520000000,  -1.08000,
,,,0.218560000000,  -1.08000,
,,,0.218600000000,  -1.04000,
,,,0.218640000000,  -1.00000,
,,,0.218680000000,  -0.96000,
,,,0.218720000000,  -0.96000,
,,,0.218760000000,  -0.88000,
,,,0.218800000000,  -0.88000,
,,,0.218840000000,  -0.84000,
,,,0.218880000000,  -0.80000,
,,,0.218920000000,  -0.80000,
,,,0.218960000000,  -0.76000,
,,,0.219000000000,  -0.72000,
,,,0.219040000000,  -0.68000,
,,,0.219080000000,  -0.64000,
,,,0.219120000000,  -0.64000,
,,,0.219160000000,  -0.60000,
,,,0.219200000000,  -0.60000,
,,,0.219240000000,  -0.56000,
,,,0.219280000000,  -0.52000,
,,,0.219320000000,  -0.48000,
,,,0.219360000000,  -0.44000,
,,,0.219400000000,  -0.44000,
,,,0.219440000000,  -0.44000,
,,,0.219480000000,  -0.40000,
,,,0.219520000000,  -0.36000,
,,,0.219560000000,  -0.36000,
,,,0.219600000000,  -0.32000,
,,,0.219640000000,  -0.28000,
,,,0.219680000000,  -0.28000,
,,,0.219720000000,  -0.24000,
,,,0.219760000000,  -0.20000,
,,,0.219800000000,  -0.16000,
,,,0.219840000000,  -0.16000,
,,,0.219880000000,  -0.12000,
,,,0.219920000000,  -0.12000,
,,,0.219960000000,  -0.04000,
,,,0.220000000000,  -0.04000,
,,,0.220040000000,  -0.04000,
,,,0.220080000000,   0.00000,
,,,0.220120000000,   0.04000,
,,,0.220160000000,   0.04000,
,,,0.220200000000,   0.12000,
,,,0.220240000000,   0.12000,
,,,0.220280000000,   0.16000,
,,,0.220320000000,   0.16000,
,,,0.220360000000,   0.20000,
,,,0.220400000000,   0.24000,
,,,0.220440000000,   0.28000,
,,,0.220480000000,   0.28000,
,,,0.220520000000,   0.32000,
,,,0.220560000000,   0.36000,
,,,0.220600000000,   0.40000,
,,,0.220640000000,   0.44000,
,,,0.220680000000,   0.48000,
,,,0.220720000000,   0.48000,
,,,0.220760000000,   0.52000,
,,,0.220800000000,   0.52000,
,,,0.220840000000,   0.56000,
,,,0.220880000000,   0.60000,
,,,0.220920000000,   0.64000,
,,,0.220960000000,   0.68000,
,,,0.221000000000,   0.68000,
,,,0.221040000000,   0.72000,
,,,0.221080000000,   0.72000,
,,,0.221120000000,   0.76000,
,,,0.221160000000,   0.80000,
,,,0.221200000000,   0.84000,
,,,0.221240000000,   0.88000,
,,,0.221280000000,   0.92000,
,,,0.221320000000,   0.96000,
,,,0.221360000000,   1.00000,
,,,0.221400000000,   1.00000,
,,,0.221440000000,   1.04000,
,,,0.221480000000,   1.08000,
,,,0.221520000000,   1.12000,
,,,0.221560000000,   1.08000,
,,,0.221600000000,   1.12000,
,,,0.221640000000,   1.20000,
,,,0.221680000000,   1.24000,
,,,0.221720000000,   1.24000,
,,,0.221760000000,   1.28000,
,,,0.221800000000,   1.28000,
,,,0.221840000000,   1.28000,
,,,0.221880000000,   1.32000,
,,,0.221920000000,   1.36000,
,,,0.221960000000,   1.36000,
,,,0.222000000000,   1.40000,
,,,0.222040000000,   1.40000,
